ID,Current URL
1,https://www.bbc.com/news/world/europe
2,https://www.efta.int/eea
3,https://www.bbc.com/
4,https://www.bbc.com/news/articles/cdjyjlkewr2o
5,https://en.wikipedia.org/wiki/Main_Page
6,https://www.esa.int/
7,https://sco.wikipedia.org/wiki/Europe
8,https://www.bbc.com/news/articles/cvgeyy32lpgo
9,https://data.europa.eu/en
10,https://ec.europa.eu/eurostat
11,https://www.ecb.europa.eu/home/html/index.en.html
12,https://data.worldbank.org/region/europe-and-central-asia
13,https://european-union.europa.eu/index_en
14,https://www.europarl.europa.eu/portal/en
15,https://www.bbc.com/news/articles/cy0ylgjew1xo
16,https://www.ecb.europa.eu/mopo/html/index.en.html
17,https://www.bbc.com/news/articles/c99pvmxg0e3o
18,https://www.bbc.com/news/articles/cvgql020y5lo
19,https://www.ecb.europa.eu/euro/digital_euro/html/index.en.html
20,https://en.wikipedia.org/wiki/Europe
21,https://en.wikipedia.org/w/index.php?title=Europe&oldid=1283666347
22,https://www.bbc.com/sport/football/live/c5ymy34r1mzt
23,https://www.ecb.europa.eu/paym/html/index.en.html
24,https://www.bbc.com/news/articles/cqj4rg1kd52o
25,https://my.wikipedia.org/wiki/%E1%80%97%E1%80%9F%E1%80%AD%E1%80%AF%E1%80%85%E1%80%AC%E1%80%99%E1%80%BB%E1%80%80%E1%80%BA%E1%80%94%E1%80%BE%E1%80%AC
26,https://www.bbc.com/news/articles/cp8je3l5n1wo
27,https://mk.wikipedia.org/wiki/%D0%93%D0%BB%D0%B0%D0%B2%D0%BD%D0%B0_%D1%81%D1%82%D1%80%D0%B0%D0%BD%D0%B8%D1%86%D0%B0
28,https://www.ecb.europa.eu/mopo/market-contact-groups/iid/html/index.en.html
29,https://en.wikipedia.org/wiki/Ob_River
30,https://www.bbc.com/news/articles/c36718p52eyo
31,https://en.wikipedia.org/wiki/Franks
32,https://en.wikipedia.org/wiki/Greek_Cypriot_diaspora
33,https://en.wikipedia.org/wiki/Economy_of_Europe
34,https://en.wikipedia.org/wiki/Demographics_of_Cyprus
35,https://en.wikipedia.org/wiki/Bulgarian_diaspora
36,https://en.wikipedia.org/wiki/Corded_Ware
37,https://en.wikipedia.org/wiki/Bosnian_diaspora
38,https://en.wikipedia.org/wiki/Decline_of_the_Roman_Empire
39,https://www.bbc.com/news/videos/cjwvdwy86v1o
40,https://en.wikipedia.org/wiki/Aromanian_diaspora
41,https://en.wikipedia.org/wiki/Emigration_from_Kosovo
42,https://www.bbc.com/news/articles/c807lm2003zo
43,https://www.bbc.com/news/articles/cx27lg8vp41o
44,https://en.wikipedia.org/wiki/Swedish_diaspora
45,https://en.wikipedia.org/wiki/Albanian_diaspora
46,https://en.wikipedia.org/wiki/Norwegian_diaspora
47,https://www.bbc.com/sport/football/articles/cn91xgqz840o
48,https://en.m.wikipedia.org/wiki/Fall_of_the_Western_Roman_Empire
49,https://en.wikipedia.org/wiki/Lithuanians
50,https://web.archive.org/web/20160115234904/http://museumvictoria.com.au/immigrationmuseum/whatson/past-exhibitions/kurbet/recent-arrivals/
51,https://www.bbc.com/news/articles/c3wxq8nw89qo
52,https://www.bbc.com/news/articles/cx208nn4v3jo
53,https://en.wikipedia.org/wiki/Surgut_Bridge
54,https://en.wikipedia.org/wiki/Freedom_of_speech
55,https://en.wikipedia.org/w/index.php?title=Ob&action=edit&section=8
56,https://www.bbc.com/news/articles/cdjl3k1we8vo
57,https://en.wikipedia.org/wiki/Khanty-Mansiysk
58,https://en.wikipedia.org/wiki/Beryozovo
59,https://www.bbc.com/news/articles/c15v4j3dqk5o
60,https://www.bbc.com/weather
61,https://www.bbc.com/newsletters
62,https://ec.europa.eu/commission/presscorner/detail/en/ip_23_6804
63,https://en.wikipedia.org/wiki/Megion
64,https://www.bbc.com/news/articles/c0r5849kl0go
65,https://www.bbc.co.uk/contact/complaints/
66,https://www.bbc.com/live/sport
67,https://en.wikipedia.org/wiki/Langepas
68,https://www.bbc.com/news/articles/cr52g356l41o
69,https://www.bbc.co.uk/search?q=&d=BBCS_BBC
70,https://www.bbc.com/news/videos/cz9nxx82xvqo
71,https://www.bbc.com/news/articles/c8epkj3e4zno
72,https://www.bbc.com/sport/football/live/cdde4nppenqt
73,https://en.wikipedia.org/wiki/File:Big_data_(21036)_-_The_Noun_Project.svg
74,https://en.wikipedia.org/wiki/Economy_of_Africa
75,https://www.bbc.com/sport/cricket/live/cdjy4v4e2jet
76,https://www.bbc.com/news/uk-england-cornwall-57087751
77,https://www.bbc.com/news/videos/cy8p8e022j0o
78,https://en.wikipedia.org/wiki/List_of_World_Heritage_Sites_in_Cyprus
79,https://web.archive.org/web/20180201005250/http://www.newzimbabwe.com/columns-40850-The+costs+of+the+Robert+Mugabe+era/columns.aspx
80,https://www.bbc.com/news/uk-england-cornwall-57107212
81,https://en.wikipedia.org/wiki/Greeks_in_the_Czech_Republic
82,https://en.wikipedia.org/wiki/Economy_of_Guyana
83,https://web.archive.org/web/20210201042309/http://whc.unesco.org/en/conventiontext/
84,https://whc.unesco.org/en/statesparties/cy/
85,https://en.wikipedia.org/wiki/Economy_of_Taiwan
86,https://whc.unesco.org/en/conventiontext/
87,https://www.bbc.com/news/uk-england-cornwall-57119270
88,https://web.archive.org/web/20160827065310/https://whc.unesco.org/en/convention/
89,https://en.wikipedia.org/wiki/Roman%E2%80%93Parthian_Wars
90,https://en.wikipedia.org/wiki/File:Beyond_remittances.jpg
91,https://en.wikipedia.org/w/index.php?title=Emigration_from_Kosovo&action=edit&section=9
92,https://web.archive.org/web/20210102165607/https://whc.unesco.org/en/tentativelists/1676/
93,https://en.wikipedia.org/w/index.php?title=Emigration_from_Kosovo&action=edit&section=8
94,https://www.bli.gov.tw/en/0010791.html
95,https://en.wikipedia.org/wiki/Constitution_of_Albania
96,https://en.m.wikipedia.org/wiki/Main_Page
97,https://www.bli.gov.tw/en/0014970.html
98,https://web.archive.org/web/20180201005250*/http://www.newzimbabwe.com/columns-40850-The%2Bcosts%2Bof%2Bthe%2BRobert%2BMugabe%2Bera/columns.aspx
99,https://mk.wikipedia.org/wiki/%D0%A1%D0%BB%D0%BE%D0%B1%D0%BE%D0%B4%D0%B0_%D0%BD%D0%B0_%D0%B3%D0%BE%D0%B2%D0%BE%D1%80%D0%BE%D1%82
100,https://en.wikipedia.org/wiki/Liberalism_in_Israel
101,https://en.wikipedia.org/wiki/Internet_censorship_in_South_Africa
102,https://archive.org/details/animationandcartoons
103,https://events.bli.gov.tw/report/reportY.aspx?y=109&f=h1320
104,https://events.bli.gov.tw/report/reportY.aspx?y=109&f=h1310
105,https://en.wikipedia.org/wiki/Wikipedia:Text_of_the_GNU_Free_Documentation_License
106,https://en.wikipedia.org/wiki/Help:Cheatsheet
107,https://en.wikipedia.org/wiki/Category:All_set_index_articles
108,https://en.wikipedia.org/wiki/Category:Articles_with_unsourced_statements_from_February_2012
109,https://en.wikipedia.org/wiki/File:TSMC_in_Tainan_Science_Park.JPG
110,https://en.wikipedia.org/wiki/Category:Articles_with_Chinese-language_sources_(zh)
111,https://en.wikipedia.org/wiki/Special:BookSources/978-1-61761-190-2
112,https://catalog.syr.edu/cgi-bin/Pwebrecon.cgi?DB=local&SAB1=9781617611902&BOOL1=any+of+these&FLD1=ISBN+%28ISBN%29&HIST=1&CNT=50
113,https://en.wikipedia.org/wiki/Thailand
114,https://en.wikipedia.org/wiki/Category:Official_website_different_in_Wikidata_and_Wikipedia
115,https://find.slv.vic.gov.au/discovery/search?vid=61SLV_INST:SLV&lang=en
116,https://en.wikipedia.org/wiki/Ecuador
117,https://fr.wikipedia.org/wiki/%C3%89quateur_(pays)
118,https://freedomhouse.org/country/ecuador
119,https://en.wikipedia.org/wiki/List_of_kingdoms_in_pre-colonial_Africa
120,https://web.archive.org/web/20210127015952/https://whc.unesco.org/en/list/1597
121,https://web.archive.org/web/20210102170506/https://whc.unesco.org/en/326/msg=forgotlogin
122,https://en.wikipedia.org/wiki/Zog_I_of_Albania
123,https://en.wikipedia.org/w/index.php?title=Template%3ABalts&action=edit
124,https://discover.durham.ac.uk/discovery/search?vid=44DUR_INST:VU1
125,https://en.wikipedia.org/wiki/Manhigut_Yehudit
126,https://en.m.wikipedia.org/wiki/Freedom_of_speech
127,https://en.m.wikipedia.org/w/index.php?title=Ob&action=edit&section=8
128,https://en.wikipedia.org/wiki/Category:Human_rights_abuses_in_South_Africa
129,https://en.wikipedia.org/wiki/Category:Mass_media_in_South_Africa
130,https://en.wikipedia.org/wiki/Wikipedia:Piped_link
131,https://en.m.wikipedia.org/wiki/Berezovo
132,https://en.wikipedia.org/wiki/Wikipedia:Ain%27t_no_rules_says_a_dog_can%27t_play_basketball
133,https://en.wikipedia.org/wiki/1946_in_Korea
134,https://en.m.wikipedia.org/wiki/Langepas
135,https://en.wikipedia.org/wiki/Category:Articles_with_unsourced_statements_from_October_2016
136,https://nl.wikipedia.org/wiki/Khmer_(volk)
137,https://en.wikipedia.org/wiki/Bangkok_(Hua_Lamphong)_railway_station
138,https://en.m.wikipedia.org/wiki/Roman%E2%80%93Parthian_Wars
139,https://en.m.wikipedia.org/wiki/File:Beyond_remittances.jpg
140,https://en.wikipedia.org/wiki/Khmers
141,https://en.m.wikipedia.org/wiki/Economy_of_Taiwan
142,https://en.wikipedia.org/wiki/User:Rizanda
143,https://pubmed.ncbi.nlm.nih.gov/26482917/
144,https://en.wikipedia.org/wiki/List_of_islands_of_Ecuador
145,https://en.wikipedia.org/wiki/Smoking_in_Ecuador
146,https://en.m.wikipedia.org/w/index.php?title=Emigration_from_Kosovo&action=edit&section=8
147,https://en.wikipedia.org/wiki/Inter-American_Commission_on_Human_Rights
148,https://fr.wikipedia.org/wiki/Wikip%C3%A9dia:Avertissements_g%C3%A9n%C3%A9raux
149,https://fr.wikipedia.org/wiki/Wikip%C3%A9dia:%C3%80_propos_de_Wikip%C3%A9dia
150,https://en.m.wikipedia.org/wiki/Constitution_of_Albania
151,https://fr.m.wikipedia.org/wiki/Wikip%C3%A9dia:Avertissements_g%C3%A9n%C3%A9raux
152,https://en.wikipedia.org/w/index.php?title=Module:TableTools&action=edit
153,https://en.wikipedia.org/wiki/Module:TableTools
154,https://en.m.wikipedia.org/wiki/Liberalism_in_Israel
155,https://en.m.wikipedia.org/wiki/Internet_censorship_in_South_Africa
156,https://en.wikipedia.org/w/index.php?action=edit&section=8&title=Ob&mfnoscript=1
157,https://en.wikipedia.org/wiki/Category:Wikipedia_link_help
158,https://en.m.wikipedia.org/wiki/Category:All_set_index_articles
159,https://en.wikipedia.org/wiki/Thaksin_Express
160,https://en.wikipedia.org/w/index.php?sort=relevance&search=articletopic%3Amusic+incategory%3A%22Articles+with+unsourced+statements+from+October+2016%22&title=Special:Search&ns0=1
161,https://en.wikipedia.org/wiki/Chakkarat_railway_station
162,https://en.wikipedia.org/wiki/Southwestern_Tai
163,https://en.wikipedia.org/wiki/Scala_Cinema_(Bangkok)
164,https://en.wikipedia.org/wiki/Portal:Laos
165,https://en.wikipedia.org/w/index.php?action=edit&section=8&title=Emigration_from_Kosovo&mfnoscript=1
166,https://en.m.wikipedia.org/w/index.php?title=Economy_of_Taiwan&action=history
167,https://en.m.wikipedia.org/wiki/Zog_I
168,https://en.m.wikipedia.org/w/index.php?title=Template:Balts&action=edit
169,https://en.m.wikipedia.org/wiki/Manhigut_Yehudit
170,https://en.m.wikipedia.org/w/index.php?title=Liberalism_in_Israel&action=history
171,https://en.m.wikipedia.org/wiki/Category:Mass_media_in_South_Africa
172,https://en.m.wikipedia.org/w/index.php?title=Internet_censorship_in_South_Africa&action=history
173,https://en.m.wikipedia.org/wiki/Wikipedia:Piped_link
174,https://en.m.wikipedia.org/wiki/Wikipedia:Ain%27t_no_rules_says_a_dog_can%27t_play_basketball
175,https://en.m.wikipedia.org/wiki/1946_in_Korea
176,https://en.m.wikipedia.org/w/index.php?title=Category:All_set_index_articles&action=history
177,https://en.wikipedia.org/wiki/Hlai_languages
178,https://en.m.wikipedia.org/wiki/Smoking_in_Ecuador
179,https://en.wikipedia.org/wiki/Category:Portals_needing_placement_of_incoming_links
180,https://en.wikipedia.org/wiki/Category:Random_portal_component_with_6%E2%80%9310_available_image_subpages
181,https://en.m.wikipedia.org/wiki/Inter-American_Commission_on_Human_Rights
182,https://en.m.wikipedia.org/wiki/Special:Contributions/Free_ori
183,https://en.m.wikipedia.org/w/index.php?title=Economy_of_Taiwan&action=edit&undoafter=1208907241&undo=1209756923
184,https://en.m.wikipedia.org/w/index.php?title=Zog_I&action=history
185,https://auth.wikimedia.org/enwiki/wiki/Special:CreateAccount?useformat=desktop&usesul3=1&returnto=Main_Page&centralauthLoginToken=4738f26d55acff03c59b176fd12ce870
186,https://en.m.wikipedia.org/wiki/Module:TableTools
187,https://en.m.wikipedia.org/w/index.php?title=Module:TableTools&action=edit
188,https://en.wikipedia.org/w/index.php?title=Template:Balts&oldid=1277393745
189,https://en.m.wikipedia.org/w/index.php?title=Manhigut_Yehudit&action=edit&section=7
190,https://en.m.wikipedia.org/w/index.php?title=Manhigut_Yehudit&action=history
191,https://en.m.wikipedia.org/w/index.php?title=Liberalism_in_Israel&action=edit&undoafter=997920423&undo=999096913
192,https://en.m.wikipedia.org/w/index.php?title=Ob&action=edit&mfnoscript=1&section=8
193,https://en.m.wikipedia.org/wiki/Wikipedia:Offline_sources
194,https://en.m.wikipedia.org/wiki/Category:Wikipedia_link_help
195,https://en.m.wikipedia.org/w/index.php?title=1946_in_Korea&action=history
196,https://en.m.wikipedia.org/wiki/Chakkarat_railway_station
197,https://en.m.wikipedia.org/w/index.php?title=Special:Search&ns0=1&search=articletopic%3Amusic+incategory%3A%22Articles+with+unsourced+statements+from+October+2016%22&sort=relevance
198,https://en.m.wikipedia.org/wiki/Scala_Cinema_(Bangkok)
199,https://en.m.wikipedia.org/wiki/Portal:Laos
200,https://en.m.wikipedia.org/w/index.php?title=Inter-American_Commission_on_Human_Rights&action=edit&section=2
201,https://en.m.wikipedia.org/wiki/La_Cantuta_massacre
202,https://tr.wikipedia.org/wiki/La_Cantuta_katliam%C4%B1
203,https://en.wikipedia.org/wiki/Special:Contributions/Free_ori
204,https://pl.wikipedia.org/wiki/Masakra_w_La_Cantuta
205,https://ja.wikipedia.org/wiki/%E3%83%A9%E3%83%BB%E3%82%AB%E3%83%B3%E3%83%88%E3%82%A5%E3%82%BF%E4%BA%8B%E4%BB%B6
206,https://en.m.wikipedia.org/wiki/Category:Webarchive_template_wayback_links
207,https://auth.wikimedia.org/enwiki/w/index.php?title=Special:CreateAccount&centralauthLoginToken=4738f26d55acff03c59b176fd12ce870&returnto=Main_Page&usesul3=1&mobileaction=toggle_view_mobile
208,https://auth.wikimedia.org/enwiki/wiki/Special:CreateAccount
209,https://gpe.wikipedia.org/wiki/Category:Webarchive_template_wayback_links
210,https://en.wikipedia.org/wiki/Category:Lithuania_history_templates
211,https://gpe.m.wikipedia.org/wiki/Category:Webarchive_template_wayback_links
212,https://en.wikipedia.org/wiki/Category:Europe_ethnic_group_templates
213,https://en.m.wikipedia.org/w/index.php?title=User_talk:89.138.191.108&action=edit&redlink=1
214,https://en.m.wikipedia.org/w/index.php?title=Manhigut_Yehudit&action=edit&undoafter=257453793&undo=269539876
215,https://en.m.wikipedia.org/wiki/Module:Political_party/T
216,https://en.m.wikipedia.org/w/index.php?title=Category:Wikipedia_link_help&action=history
217,https://en.m.wikipedia.org/wiki/Wikipedia:Shortcut_table
218,https://zh.wikipedia.org/wiki/Module:%E6%94%BF%E9%BB%A8/T
219,https://en.m.wikipedia.org/w/index.php?title=Chakkarat_railway_station&action=history
220,https://en.m.wikipedia.org/wiki/Hlai_languages
221,https://en.m.wikipedia.org/wiki/Category:Portals_needing_placement_of_incoming_links
222,https://en.m.wikipedia.org/wiki/Category:Random_portal_component_with_6%E2%80%9310_available_image_subpages
223,https://en.m.wikipedia.org/w/index.php?title=Portal:Laos&action=history
224,https://en.wikipedia.org/w/index.php?title=User_talk:Free_ori/Archive_1&action=history
225,https://en.wikipedia.org/w/index.php?title=User_talk:Free_ori/Archive_1&diff=prev&oldid=1269974300
226,https://ja.wikipedia.org/wiki/%E3%83%95%E3%82%A1%E3%82%A4%E3%83%AB:Achtung-orange.svg
227,https://en.wikipedia.org/w/index.php?title=Economy_of_Taiwan&action=edit&undo=1209756923&undoafter=1208907241
228,https://auth.wikimedia.org/enwiki/w/index.php?title=Special:CreateAccount&centralauthLoginToken=4738f26d55acff03c59b176fd12ce870&mobileaction=toggle_view_desktop&returnto=Main_Page&usesul3=1
229,https://auth.wikimedia.org/enwiki/w/index.php?title=Special:CreateAccount&mobileaction=toggle_view_mobile
230,https://en.m.wikipedia.org/w/index.php?title=Template:Balts&oldid=1277393745
231,https://en.wikipedia.org/wiki/Janjevci
232,https://en.wikipedia.org/wiki/Category:Europe_society_and_social_science_templates
233,https://en.m.wikipedia.org/wiki/Category:Articles_needing_additional_references_from_December_2008
234,https://en.m.wikipedia.org/wiki/Category:Articles_containing_Hebrew-language_text
235,https://en.m.wikipedia.org/w/index.php?title=Wikipedia:Shortcut_table&action=history
236,https://zh.wikipedia.org/wiki/Wikipedia:%E9%A6%96%E9%A1%B5
237,https://en.m.wikipedia.org/w/index.php?title=Chakkarat_railway_station&diff=1253131531&oldid=1046563025
238,https://en.m.wikipedia.org/w/index.php?title=Chakkarat_railway_station&oldid=1046563025
239,https://zu.wikipedia.org/wiki/Ikhasi_Elikhulu
240,https://zh.m.wikipedia.org/wiki/Wikipedia:%E9%A6%96%E9%A1%B5
241,https://en.m.wikipedia.org/w/index.php?title=Hlai_languages&action=history
242,https://en.m.wikipedia.org/w/index.php?title=Category:Random_portal_component_with_6%E2%80%9310_available_image_subpages&action=history
243,https://en.m.wikipedia.org/w/index.php?title=Portal:Laos&diff=prev&oldid=1029435248
244,https://en.wikipedia.org/wiki/Chinese_National_Currency
245,https://en.wikipedia.org/w/index.php?title=Template:Increase&action=edit
246,https://en.wikipedia.org/wiki/Special:QrCode?url=https%3A%2F%2Fauth.wikimedia.org%2Fenwiki%2Fw%2Findex.php%3Ftitle%3DSpecial%3ACreateAccount%26centralauthLoginToken%3D4738f26d55acff03c59b176fd12ce870%26mobileaction%3Dtoggle_view_desktop%26returnto%3DMain_Page%26usesul3%3D1
247,https://auth.wikimedia.org/enwiki/w/index.php?title=Special:CreateAccount&mobileaction=toggle_view_desktop
248,https://en.m.wikipedia.org/wiki/Category:Lithuania_history_templates
249,https://en.m.wikipedia.org/w/index.php?title=Template:Balts&action=history
250,https://en.m.wikipedia.org/wiki/Help:Collapsing_tables_and_more
251,https://en.wikipedia.org/w/index.php?title=Manhigut_Yehudit&action=edit&undo=269539876&undoafter=257453793
252,https://auth.wikimedia.org/enwiki/wiki/Special:UserLogin?useformat=mobile&usesul3=1&returnto=Main_Page&centralauthLoginToken=468fe347be754693e8cd6530e7962973
253,https://en.m.wikipedia.org/wiki/Category:Europe_ethnic_group_templates
254,https://en.m.wikipedia.org/wiki/%2B972_Magazine
255,https://en.m.wikipedia.org/wiki/2013%E2%80%9314_Israel_State_Cup
256,https://zh.wikipedia.org/wiki/Category:%E5%90%AB%E6%9C%89%E5%B8%8C%E4%BC%AF%E4%BE%86%E8%AA%9E%E7%9A%84%E6%A2%9D%E7%9B%AE
257,https://en.m.wikipedia.org/wiki/Wikipedia:Bots
258,https://en.m.wikipedia.org/w/index.php?title=Chakkarat_railway_station&action=edit&undoafter=1046563025&undo=1253131531
259,https://zh.m.wikipedia.org/zh-tw/Wikipedia:%E9%A6%96%E9%A1%B5
260,https://en.m.wikipedia.org/w/index.php?title=Hlai_languages&diff=prev&oldid=1223149594
261,https://en.m.wikipedia.org/w/index.php?title=Hlai_languages&diff=1282861823&oldid=1057399372
262,https://zu.wikipedia.org/wiki/IRashiya
263,https://pcm.wikipedia.org/wiki/Rossia
264,https://en.m.wikipedia.org/w/index.php?title=Portal:Laos&action=edit&oldid=1029435248
265,https://pcd.wikipedia.org/wiki/Russie
266,https://br.wikipedia.org/wiki/Rusia
267,https://en.m.wikipedia.org/w/index.php?title=Portal:Laos&action=edit&oldid=1029435118
268,https://en.m.wikipedia.org/wiki/Wikipedia:Autopatrolled
269,https://pcd.m.wikipedia.org/wiki/Russie
270,https://en.wikipedia.org/wiki/Special:QrCode
271,https://en.wikipedia.org/wiki/Special:QrCode?url=https%3A%2F%2Fauth.wikimedia.org%2Fenwiki%2Fw%2Findex.php%3Ftitle%3DSpecial%3ACreateAccount%26mobileaction%3Dtoggle_view_desktop
272,https://en.wikipedia.org/wiki/Special:UrlShortener?url=https%3A%2F%2Fauth.wikimedia.org%2Fenwiki%2Fw%2Findex.php%3Ftitle%3DSpecial%3ACreateAccount%26mobileaction%3Dtoggle_view_desktop
273,https://en.m.wikipedia.org/w/index.php?title=Category:Lithuania_history_templates&action=history
274,https://en.m.wikipedia.org/wiki/Janjevci
275,https://en.m.wikipedia.org/wiki/Category:Europe_society_and_social_science_templates
276,https://en.m.wikipedia.org/wiki/Northwest_Russia
277,https://en.m.wikipedia.org/w/index.php?title=Category:Europe_ethnic_group_templates&action=history
278,https://th.wikipedia.org/wiki/%E0%B8%A3%E0%B8%B1%E0%B8%AA%E0%B9%80%E0%B8%8B%E0%B8%B5%E0%B8%A2%E0%B8%95%E0%B8%B0%E0%B8%A7%E0%B8%B1%E0%B8%99%E0%B8%95%E0%B8%81%E0%B9%80%E0%B8%89%E0%B8%B5%E0%B8%A2%E0%B8%87%E0%B9%80%E0%B8%AB%E0%B8%99%E0%B8%B7%E0%B8%AD
279,https://en.m.wikipedia.org/wiki/Hapoel_Kafr_Qara_F.C.
280,https://en.m.wikipedia.org/wiki/Maccabi_Herzliya_F.C.
281,https://en.wikipedia.org/w/index.php?title=Wikipedia:Shortcut_table&action=history
282,https://en.wikipedia.org/w/index.php?title=Chakkarat_railway_station&diff=1253131531&oldid=1046563025
283,https://zh.wikipedia.org/wiki/Wikipedia:%E6%9C%BA%E5%99%A8%E4%BA%BA
284,https://zu.wikipedia.org/wiki/IPhothugali
285,https://br.wikipedia.org/wiki/Oulyanovsk
286,https://br.wikipedia.org/wiki/Oblast_Tchelyabinsk
287,https://br.wikipedia.org/wiki/Tchelyabinsk
288,https://ka.wikipedia.org/wiki/%E1%83%9E%E1%83%9D%E1%83%A0%E1%83%A2%E1%83%A3%E1%83%92%E1%83%90%E1%83%9A%E1%83%98%E1%83%90
289,https://hr.wikipedia.org/wiki/%C4%8Celjabinsk
290,https://en.wikipedia.org/w/index.php?title=Portal:Laos&diff=prev&oldid=1029435248
291,https://en.m.wikipedia.org/wiki/Chinese_National_Currency
292,https://pcd.wikipedia.org/wiki/Italie
293,https://en.m.wikipedia.org/w/index.php?title=Special:QrCode&url=https%3A%2F%2Fauth.wikimedia.org%2Fenwiki%2Fw%2Findex.php%3Ftitle%3DSpecial%3ACreateAccount%26centralauthLoginToken%3D4738f26d55acff03c59b176fd12ce870%26mobileaction%3Dtoggle_view_desktop%26returnto%3DMain_Page%26usesul3%3D1
294,https://zh.wikipedia.org/wiki/Wikipedia:%E5%B7%A1%E6%9F%A5%E8%B1%81%E5%85%8D%E6%AC%8A
295,https://ka.m.wikipedia.org/wiki/%E1%83%9E%E1%83%9D%E1%83%A0%E1%83%A2%E1%83%A3%E1%83%92%E1%83%90%E1%83%9A%E1%83%98%E1%83%90
296,https://en.wikipedia.org/wiki/Special:UrlShortener
297,https://en.wikipedia.org/w/index.php?title=Special:QrCode&url=https%3A%2F%2Fen.wikipedia.org%2Fw%2Findex.php%3Ftitle%3DSpecial%3AUrlShortener%26url%3Dhttps%253A%252F%252Fauth.wikimedia.org%252Fenwiki%252Fw%252Findex.php%253Ftitle%253DSpecial%253ACreateAccount%2526mobileaction%253Dtoggle_view_desktop
298,https://www.italia.it/en
299,https://en.m.wikipedia.org/wiki/Petrinja
300,https://en.m.wikipedia.org/w/index.php?title=Template%3AEthnic_groups_in_Kazakhstan&action=edit
301,https://en.wikipedia.org/wiki/%2B972_Magazine
302,https://en.m.wikipedia.org/w/index.php?title=Category:Europe_ethnic_group_templates&oldid=233469741
303,https://zh.m.wikipedia.org/wiki/Category:%E5%90%AB%E6%9C%89%E5%B8%8C%E4%BC%AF%E4%BE%86%E8%AA%9E%E7%9A%84%E6%A2%9D%E7%9B%AE
304,https://www.italia.it/en/abruzzo/things-to-do/spa-caramanico
305,https://en.wikipedia.org/wiki/Wikipedia:Templates_for_discussion/Log/2024_September_27
306,https://br.wikipedia.org/wiki/2008
307,https://ka.wikipedia.org/wiki/%E1%83%92%E1%83%90%E1%83%9C%E1%83%AE%E1%83%98%E1%83%9A%E1%83%95%E1%83%90:%E1%83%9E%E1%83%9D%E1%83%A0%E1%83%A2%E1%83%A3%E1%83%92%E1%83%90%E1%83%9A%E1%83%98%E1%83%90
308,https://br.m.wikipedia.org/wiki/2008
309,https://en.m.wikipedia.org/w/index.php?title=Chinese_National_Currency&action=history
310,https://ka.wikipedia.org/wiki/%E1%83%A1%E1%83%90%E1%83%A5%E1%83%90%E1%83%A0%E1%83%97%E1%83%95%E1%83%94%E1%83%9A%E1%83%9D
311,https://en.m.wikipedia.org/wiki/Special:QrCode
312,https://ka.wikipedia.org/wiki/%E1%83%98%E1%83%A0%E1%83%9A%E1%83%90%E1%83%9C%E1%83%93%E1%83%98%E1%83%98%E1%83%A1_%E1%83%A0%E1%83%94%E1%83%A1%E1%83%9E%E1%83%A3%E1%83%91%E1%83%9A%E1%83%98%E1%83%99%E1%83%90
313,https://ka.m.wikipedia.org/wiki/%E1%83%9B%E1%83%97%E1%83%90%E1%83%95%E1%83%90%E1%83%A0%E1%83%98_%E1%83%92%E1%83%95%E1%83%94%E1%83%A0%E1%83%93%E1%83%98
314,https://en.m.wikipedia.org/w/index.php?title=Special:QrCode&url=https%3A%2F%2Fauth.wikimedia.org%2Fenwiki%2Fw%2Findex.php%3Ftitle%3DSpecial%3ACreateAccount%26mobileaction%3Dtoggle_view_desktop
315,https://en.m.wikipedia.org/w/index.php?title=Special:UrlShortener&url=https%3A%2F%2Fauth.wikimedia.org%2Fenwiki%2Fw%2Findex.php%3Ftitle%3DSpecial%3ACreateAccount%26mobileaction%3Dtoggle_view_desktop
316,https://ka.m.wikipedia.org/wiki/%E1%83%9B%E1%83%90%E1%83%A0%E1%83%9B%E1%83%90%E1%83%A0%E1%83%98%E1%83%9A%E1%83%9D
317,https://mr.wikipedia.org/wiki/%E0%A4%86%E0%A4%AF%E0%A4%B0%E0%A5%8D%E0%A4%B2%E0%A4%82%E0%A4%A1%E0%A4%9A%E0%A5%87_%E0%A4%AA%E0%A5%8D%E0%A4%B0%E0%A4%9C%E0%A4%BE%E0%A4%B8%E0%A4%A4%E0%A5%8D%E0%A4%A4%E0%A4%BE%E0%A4%95
318,https://wuu.wikipedia.org/wiki/%E7%88%B1%E5%B0%94%E5%85%B0
319,https://eu.wikipedia.org/wiki/Haitzurdin
320,https://wuu.m.wikipedia.org/wiki/%E7%88%B1%E5%B0%94%E5%85%B0
321,https://creativecommons.org/licenses/by-sa/4.0/deed.eu
322,https://web.archive.org/web/20080227212344/http://minerals.usgs.gov/minerals/pubs/commodity/stone_crushed/myb1-2006-stonc.pdf
323,https://eu.m.wikipedia.org/wiki/Haitzurdin
324,https://fontawesome.com/
325,https://en.wikipedia.org/w/index.php?title=Template:Ethnic_groups_in_Kazakhstan&oldid=1255298646
326,https://en.wikipedia.org/w/index.php?action=edit&title=Template%3AEthnic_groups_in_Kazakhstan&mfnoscript=1
327,https://en.wikipedia.org/wiki/Ihud_Bnei_Kafr_Qara_F.C.
328,https://en.wikipedia.org/wiki/Category:Use_dmy_dates_from_June_2017
329,https://en.wikipedia.org/w/index.php?title=Category:Europe_ethnic_group_templates&oldid=233469741
330,https://en.wikipedia.org/wiki/Maccabi_Herzliya_F.C.
331,https://zh.m.wikipedia.org/zh-tw/Category:%E5%90%AB%E6%9C%89%E5%B8%8C%E4%BC%AF%E4%BE%86%E8%AA%9E%E7%9A%84%E6%A2%9D%E7%9B%AE
332,https://zh.m.wikipedia.org/zh-sg/Category:%E5%90%AB%E6%9C%89%E5%B8%8C%E4%BC%AF%E4%BE%86%E8%AA%9E%E7%9A%84%E6%A2%9D%E7%9B%AE
333,https://zh.m.wikipedia.org/wiki/Wikipedia:%E6%9C%BA%E5%99%A8%E4%BA%BA
334,https://ka.wikipedia.org/wiki/%E1%83%9A%E1%83%90%E1%83%9C%E1%83%93%E1%83%A8%E1%83%90%E1%83%A4%E1%83%A2%E1%83%98
335,https://en.m.wikipedia.org/wiki/Europe
336,https://ka.wikipedia.org/w/index.php?title=%E1%83%98%E1%83%A0%E1%83%9A%E1%83%90%E1%83%9C%E1%83%93%E1%83%98%E1%83%98%E1%83%A1_%E1%83%A1%E1%83%90%E1%83%A2%E1%83%94%E1%83%9A%E1%83%94%E1%83%A4%E1%83%9D%E1%83%9C%E1%83%9D_%E1%83%9C%E1%83%9D%E1%83%9B%E1%83%A0%E1%83%94%E1%83%91%E1%83%98&action=edit&redlink=1
337,https://cy.wikipedia.org/wiki/Afon_Kura
338,https://ka.wikipedia.org/wiki/%E1%83%A1%E1%83%90%E1%83%A5%E1%83%90%E1%83%A0%E1%83%97%E1%83%95%E1%83%94%E1%83%9A%E1%83%9D%E1%83%A1_%E1%83%A8%E1%83%94%E1%83%98%E1%83%90%E1%83%A0%E1%83%90%E1%83%A6%E1%83%94%E1%83%91%E1%83%A3%E1%83%9A%E1%83%98_%E1%83%AB%E1%83%90%E1%83%9A%E1%83%94%E1%83%91%E1%83%98
339,https://ka.wikipedia.org/wiki/%E1%83%9B%E1%83%A2%E1%83%99%E1%83%95%E1%83%90%E1%83%A0%E1%83%98
340,https://ka.wikipedia.org/wiki/%E1%83%A5%E1%83%95%E1%83%94%E1%83%A7%E1%83%9C%E1%83%94%E1%83%91%E1%83%98%E1%83%A1_%E1%83%A1%E1%83%98%E1%83%90_%E1%83%94%E1%83%A0%E1%83%97_%E1%83%A1%E1%83%A3%E1%83%9A_%E1%83%9B%E1%83%9D%E1%83%A1%E1%83%90%E1%83%AE%E1%83%9A%E1%83%94%E1%83%96%E1%83%94_%E1%83%9B%E1%83%A8%E1%83%9E-%E1%83%98%E1%83%A1_(%E1%83%9C%E1%83%9D%E1%83%9B%E1%83%98%E1%83%9C%E1%83%90%E1%83%9A%E1%83%98)_%E1%83%9B%E1%83%98%E1%83%AE%E1%83%94%E1%83%93%E1%83%95%E1%83%98%E1%83%97
341,https://ka.m.wikipedia.org/wiki/%E1%83%A1%E1%83%9A%E1%83%9D%E1%83%95%E1%83%98%E1%83%90%E1%83%9C%E1%83%A1%E1%83%99%E1%83%98%E1%83%A1_%E1%83%90%E1%83%9A%E1%83%A7%E1%83%90
342,https://ka.m.wikipedia.org/wiki/%E1%83%A4%E1%83%90%E1%83%98%E1%83%9A%E1%83%98:HSutvald2.svg
343,https://web.archive.org/web/20140502032116/http://ukr.segodnya.ua/regions/donetsk/aktivist-pravogo-sektora-v-slavyanske-okazalsya-fitnes-trenerom-iz-kieva--514802.html
344,https://en.m.wikipedia.org/wiki/Special:UrlShortener
345,https://en.m.wikipedia.org/w/index.php?title=Special:QrCode&url=https%3A%2F%2Fen.wikipedia.org%2Fw%2Findex.php%3Ftitle%3DSpecial%3AUrlShortener%26url%3Dhttps%253A%252F%252Fauth.wikimedia.org%252Fenwiki%252Fw%252Findex.php%253Ftitle%253DSpecial%253ACreateAccount%2526mobileaction%253Dtoggle_view_desktop
346,https://en.wikipedia.org/w/index.php?title=Template:Ethnic_groups_in_Kazakhstan&action=edit
347,https://eu.m.wikipedia.org/wiki/Azala
348,https://eu.m.wikipedia.org/w/index.php?title=Wunsiedelgo_marmola&action=edit&redlink=1
349,https://eu.m.wikipedia.org/wiki/Errumania
350,https://en.wikipedia.org/wiki/2002%E2%80%9303_Liga_Alef
351,https://en.wikipedia.org/wiki/Category:Use_dmy_dates_from_October_2023
352,https://en.wikipedia.org/w/index.php?title=Maccabi_Herzliya_F.C.&action=edit&section=5
353,https://en.wikipedia.org/wiki/7th_Indian_Infantry_Division
354,https://web.archive.org/web/20190125161833/https://ukr.segodnya.ua/auth/odkl.html
355,https://en.wikipedia.org/wiki/Category:Pages_using_infobox_football_club_with_unknown_parameters
356,https://en.wikipedia.org/wiki/Category:Articles_needing_additional_references_from_November_2014
357,https://ka.m.wikipedia.org/wiki/%E1%83%92%E1%83%90%E1%83%9C%E1%83%AE%E1%83%98%E1%83%9A%E1%83%95%E1%83%90:%E1%83%9E%E1%83%9D%E1%83%A0%E1%83%A2%E1%83%A3%E1%83%92%E1%83%90%E1%83%9A%E1%83%98%E1%83%90
358,https://web.archive.org/web/20181005193923/https://www.odnoklassniki.ru/oauth/authorize?client_id=189462016&scope=VALUABLE%20ACCESS&response_type=code&redirect_uri=https%3A%2F%2Fwww.segodnya.ua%2Fauth%2Fodkl.html
359,https://en.m.wikipedia.org/wiki/Crusades
360,https://ka.wikipedia.org/wiki/%E1%83%A4%E1%83%90%E1%83%98%E1%83%9A%E1%83%98:West_Command_of_Georgian_Defense_Forces_Emblem.png
361,https://zh.m.wikipedia.org/wiki/Wikipedia:%E7%9B%91%E7%9D%A3
362,https://ka.wikipedia.org/w/index.php?title=%E1%83%A1%E1%83%90%E1%83%A5%E1%83%90%E1%83%A0%E1%83%97%E1%83%95%E1%83%94%E1%83%9A%E1%83%9D%E1%83%A1_%E1%83%A1%E1%83%9E%E1%83%94%E1%83%AA%E1%83%98%E1%83%90%E1%83%9A%E1%83%A3%E1%83%A0%E1%83%98_%E1%83%9D%E1%83%9E%E1%83%94%E1%83%A0%E1%83%90%E1%83%AA%E1%83%98%E1%83%94%E1%83%91%E1%83%98%E1%83%A1_%E1%83%AB%E1%83%90%E1%83%9A%E1%83%94%E1%83%91%E1%83%98&action=edit&redlink=1
363,https://en.m.wikipedia.org/wiki/Lezgian_language
364,https://en.m.wikipedia.org/wiki/Tallinn
365,https://ka.wikipedia.org/wiki/%E1%83%A4%E1%83%90%E1%83%98%E1%83%9A%E1%83%98:HSutvald2.svg
366,https://tly.wikipedia.org/wiki/Tallinn
367,https://en.wikipedia.org/w/index.php?title=Special:QrCode&url=https%3A%2F%2Fauth.wikimedia.org%2Fenwiki%2Fw%2Findex.php%3Ftitle%3DSpecial%3ACreateAccount%26mobileaction%3Dtoggle_view_desktop
368,https://tly.m.wikipedia.org/wiki/Tallinn
369,https://en.wikipedia.org/w/index.php?title=Special:UrlShortener&url=https%3A%2F%2Fen.wikipedia.org%2Fw%2Findex.php%3Ftitle%3DTemplate%3AEthnic_groups_in_Kazakhstan%26action%3Dedit
370,https://en.m.wikipedia.org/w/index.php?title=Template:Ethnic_groups_in_Kazakhstan&oldid=1255298646
371,https://eu.m.wikipedia.org/w/index.php?title=Azala&action=history
372,https://en.m.wikipedia.org/w/index.php?title=Template:Ethnic_groups_in_Kazakhstan&action=edit&mfnoscript=1
373,https://auth.wikimedia.org/enwiki/wiki/Special:UserLogin?useformat=desktop&usesul3=1&returnto=Main_Page&centralauthLoginToken=91b4b8aa8daede5884a0f0e7bf1c3766
374,https://en.wikipedia.org/wiki/26th_Indian_Infantry_Division
375,https://en.wikipedia.org/w/index.php?title=Category:Pages_using_infobox_football_club_with_unknown_parameters&printable=yes
376,https://auth.wikimedia.org/enwiki/wiki/Special:UserLogin?useformat=mobile&usesul3=1&returnto=Main_Page&centralauthLoginToken=67bf21e26664e218c2a153973fefadd1
377,https://en.wikipedia.org/wiki/MOS:DATE
378,https://auth.wikimedia.org/zhwiki/wiki/Special:%E7%94%A8%E6%88%B7%E7%99%BB%E5%BD%95?useformat=mobile&usesul3=1&returnto=Main_Page&centralauthLoginToken=f7e9b3ee10201071070ec62317d68b74
379,https://en.wikipedia.org/wiki/8th_Infantry_Division_(India)
380,"https://en.m.wikipedia.org/wiki/Hugh_IV,_Duke_of_Burgundy"
381,https://en.m.wikipedia.org/wiki/Hospitaller_conquest_of_Rhodes
382,https://en.m.wikipedia.org/wiki/Capital_(architecture)
383,https://zh.m.wikipedia.org/wiki/User_talk:Jimmy_Xu
384,https://en.m.wikipedia.org/wiki/Toompea
385,https://zh.m.wikipedia.org/wiki/Special:%E7%94%A8%E6%88%B7%E8%B4%A1%E7%8C%AE/Jimmy_Xu
386,https://ka.wikipedia.org/w/index.php?title=%E1%83%A4%E1%83%90%E1%83%98%E1%83%9A%E1%83%98%E1%83%A1_%E1%83%92%E1%83%90%E1%83%9C%E1%83%AE%E1%83%98%E1%83%9A%E1%83%95%E1%83%90:West_Command_of_Georgian_Defense_Forces_Emblem.png&action=edit&redlink=1
387,https://ka.m.wikipedia.org/wiki/%E1%83%A5%E1%83%95%E1%83%94%E1%83%A7%E1%83%9C%E1%83%94%E1%83%91%E1%83%98%E1%83%A1_%E1%83%A1%E1%83%98%E1%83%90_%E1%83%94%E1%83%A0%E1%83%97_%E1%83%A1%E1%83%A3%E1%83%9A_%E1%83%9B%E1%83%9D%E1%83%A1%E1%83%90%E1%83%AE%E1%83%9A%E1%83%94%E1%83%96%E1%83%94_%E1%83%9B%E1%83%A8%E1%83%9E-%E1%83%98%E1%83%A1_(%E1%83%9C%E1%83%9D%E1%83%9B%E1%83%98%E1%83%9C%E1%83%90%E1%83%9A%E1%83%98)_%E1%83%9B%E1%83%98%E1%83%AE%E1%83%94%E1%83%93%E1%83%95%E1%83%98%E1%83%97
388,https://tly.m.wikipedia.org/w/index.php?title=Tallinn&variant=tly-cyrl
389,https://tly.m.wikipedia.org/w/index.php?title=Tallinn&variant=tly
390,https://en.wikipedia.org/w/index.php?title=Special:QrCode&url=https%3A%2F%2Fen.wikipedia.org%2Fw%2Findex.php%3Ftitle%3DSpecial%3AUrlShortener%26url%3Dhttps%253A%252F%252Fen.wikipedia.org%252Fw%252Findex.php%253Ftitle%253DTemplate%253AEthnic_groups_in_Kazakhstan%2526action%253Dedit
391,https://eu.m.wikipedia.org/w/index.php?title=Azala&diff=prev&oldid=9156834
392,https://eu.m.wikipedia.org/w/index.php?title=Azala&diff=9807453&oldid=8745982
393,https://auth.wikimedia.org/enwiki/wiki/Special:CreateAccount?useformat=desktop&usesul3=1&campaign=anoneditwarning&returnto=Main_Page&centralauthLoginToken=205a2b56b743f2f0026e02ea3cf01e64
394,https://auth.wikimedia.org/enwiki/w/index.php?title=Special:UserLogin&centralauthLoginToken=91b4b8aa8daede5884a0f0e7bf1c3766&returnto=Main_Page&usesul3=1&mobileaction=toggle_view_mobile
395,https://auth.wikimedia.org/enwiki/w/index.php?title=Special:CreateAccount&returnto=Main_Page&centralauthLoginToken=91b4b8aa8daede5884a0f0e7bf1c3766&usesul3=1&useformat=desktop&campaign=loginCTA
396,https://en.wikipedia.org/w/index.php?title=Wikipedia:Manual_of_Style/Dates_and_numbers&action=edit&section=34
397,https://en.m.wikipedia.org/wiki/7th_Indian_Infantry_Division
398,https://en.wikipedia.org/wiki/Digendra_Kumar
399,https://en.wikipedia.org/w/index.php?title=Category:Pages_using_infobox_football_club_with_unknown_parameters&printable=yes&pagefrom=presidentNorth+Carolina+FC+U23%0ANorth+Carolina+FC+U23
400,https://en.wikipedia.org/wiki/Ladakh
401,https://zh.m.wikipedia.org/w/index.php?title=MediaWiki:Gadget-pseudonamespace-UI.js&diff=prev&oldid=86103951
402,https://zh.wikipedia.org/wiki/%E6%9F%B1%E5%A4%B4_(%E5%BB%BA%E7%AD%91)
403,https://ka.wikipedia.org/wiki/%E1%83%93%E1%83%90%E1%83%AE%E1%83%9B%E1%83%90%E1%83%A0%E1%83%94%E1%83%91%E1%83%90:%E1%83%A2%E1%83%94%E1%83%A5%E1%83%A1%E1%83%A2%E1%83%98%E1%83%A1_%E1%83%A0%E1%83%94%E1%83%93%E1%83%90%E1%83%A5%E1%83%A2%E1%83%98%E1%83%A0%E1%83%94%E1%83%91%E1%83%90_(%E1%83%9B%E1%83%90%E1%83%A0%E1%83%A2%E1%83%98%E1%83%95%E1%83%98)
404,https://ka.m.wikipedia.org/wiki/%E1%83%A4%E1%83%90%E1%83%98%E1%83%9A%E1%83%98:Flag_of_Belize.svg
405,https://ka.m.wikipedia.org/wiki/%E1%83%A4%E1%83%90%E1%83%98%E1%83%9A%E1%83%98:Flag_of_the_Federated_States_of_Micronesia.svg
406,https://en.m.wikipedia.org/w/index.php?title=Special:UrlShortener&url=https%3A%2F%2Fen.wikipedia.org%2Fw%2Findex.php%3Ftitle%3DTemplate%3AEthnic_groups_in_Kazakhstan%26action%3Dedit
407,https://commons.wikimedia.org/wiki/File:Flag_of_the_Federated_States_of_Micronesia.svg
408,https://ka.m.wikipedia.org/w/index.php?title=%E1%83%A5%E1%83%95%E1%83%94%E1%83%A7%E1%83%9C%E1%83%94%E1%83%91%E1%83%98%E1%83%A1_%E1%83%A1%E1%83%98%E1%83%90_%E1%83%94%E1%83%A0%E1%83%97_%E1%83%A1%E1%83%A3%E1%83%9A_%E1%83%9B%E1%83%9D%E1%83%A1%E1%83%90%E1%83%AE%E1%83%9A%E1%83%94%E1%83%96%E1%83%94_%E1%83%9B%E1%83%A8%E1%83%9E-%E1%83%98%E1%83%A1_(%E1%83%9C%E1%83%9D%E1%83%9B%E1%83%98%E1%83%9C%E1%83%90%E1%83%9A%E1%83%98)_%E1%83%9B%E1%83%98%E1%83%AE%E1%83%94%E1%83%93%E1%83%95%E1%83%98%E1%83%97&action=history
409,https://auth.wikimedia.org/enwiki/w/index.php?title=Special:CreateAccount&campaign=anoneditwarning&centralauthLoginToken=205a2b56b743f2f0026e02ea3cf01e64&returnto=Main_Page&usesul3=1&mobileaction=toggle_view_mobile
410,https://en.wikipedia.org/wiki/Special:QrCode?url=https%3A%2F%2Fauth.wikimedia.org%2Fenwiki%2Fw%2Findex.php%3Ftitle%3DSpecial%3ACreateAccount%26campaign%3Danoneditwarning%26centralauthLoginToken%3D205a2b56b743f2f0026e02ea3cf01e64%26returnto%3DMain_Page%26useformat%3Ddesktop%26usesul3%3D1
411,https://auth.wikimedia.org/enwiki/w/index.php?title=Special:UserLogin&centralauthLoginToken=91b4b8aa8daede5884a0f0e7bf1c3766&mobileaction=toggle_view_desktop&returnto=Main_Page&usesul3=1
412,https://auth.wikimedia.org/enwiki/w/index.php?title=Special:CreateAccount&campaign=loginCTA&centralauthLoginToken=91b4b8aa8daede5884a0f0e7bf1c3766&returnto=Main_Page&usesul3=1&mobileaction=toggle_view_mobile
413,https://en.wikipedia.org/wiki/Special:QrCode?url=https%3A%2F%2Fauth.wikimedia.org%2Fenwiki%2Fw%2Findex.php%3Ftitle%3DSpecial%3ACreateAccount%26campaign%3DloginCTA%26centralauthLoginToken%3D91b4b8aa8daede5884a0f0e7bf1c3766%26returnto%3DMain_Page%26useformat%3Ddesktop%26usesul3%3D1
414,https://en.wikipedia.org/w/index.php?title=Special:UrlShortener&url=https%3A%2F%2Fen.wikipedia.org%2Fw%2Findex.php%3Ftitle%3DWikipedia%3AManual_of_Style%2FDates_and_numbers%26action%3Dedit%26section%3D34
415,https://en.m.wikipedia.org/wiki/26th_Indian_Infantry_Division
416,https://en.wikipedia.org/wiki/St._Peters_Strikers_FC
417,https://auth.wikimedia.org/brwiki/wiki/Dibar:Kroui%C3%B1Kont?useformat=desktop&usesul3=1&returnto=Main_Page&centralauthLoginToken=e3de6c8214be5875cfcd65991ed46ea2
418,"https://en.wikipedia.org/wiki/Hugh_IV,_Duke_of_Burgundy"
419,https://en.m.wikipedia.org/wiki/8th_Infantry_Division_(India)
420,https://en.wikipedia.org/wiki/Capital_(architecture)
421,https://ka.m.wikipedia.org/w/index.php?title=%E1%83%A4%E1%83%90%E1%83%98%E1%83%9A%E1%83%98%E1%83%A1_%E1%83%92%E1%83%90%E1%83%9C%E1%83%AE%E1%83%98%E1%83%9A%E1%83%95%E1%83%90:West_Command_of_Georgian_Defense_Forces_Emblem.png&action=edit&redlink=1
422,https://en.wikipedia.org/wiki/Hospitaller_conquest_of_Rhodes
423,https://en.wikipedia.org/wiki/Category:Articles_with_dead_external_links_from_February_2025
424,https://zh.wikipedia.org/wiki/Category:%E5%8C%85%E5%90%ABAAT%E6%A0%87%E8%AF%86%E7%AC%A6%E7%9A%84%E7%BB%B4%E5%9F%BA%E7%99%BE%E7%A7%91%E6%9D%A1%E7%9B%AE
425,https://ka.wikipedia.org/wiki/%E1%83%99%E1%83%90%E1%83%A2%E1%83%94%E1%83%92%E1%83%9D%E1%83%A0%E1%83%98%E1%83%90:%E1%83%95%E1%83%98%E1%83%99%E1%83%98%E1%83%9E%E1%83%94%E1%83%93%E1%83%98%E1%83%90:%E1%83%93%E1%83%90%E1%83%AE%E1%83%9B%E1%83%90%E1%83%A0%E1%83%94%E1%83%91%E1%83%90
426,https://commons.wikimedia.org/wiki/Commons:Contact_us
427,https://en.m.wikipedia.org/w/index.php?title=Special:QrCode&url=https%3A%2F%2Fen.wikipedia.org%2Fw%2Findex.php%3Ftitle%3DSpecial%3AUrlShortener%26url%3Dhttps%253A%252F%252Fen.wikipedia.org%252Fw%252Findex.php%253Ftitle%253DTemplate%253AEthnic_groups_in_Kazakhstan%2526action%253Dedit
428,https://commons.m.wikimedia.org/wiki/Commons:Contact_us
429,https://ka.m.wikipedia.org/w/index.php?title=%E1%83%A5%E1%83%95%E1%83%94%E1%83%A7%E1%83%9C%E1%83%94%E1%83%91%E1%83%98%E1%83%A1_%E1%83%A1%E1%83%98%E1%83%90_%E1%83%94%E1%83%A0%E1%83%97_%E1%83%A1%E1%83%A3%E1%83%9A_%E1%83%9B%E1%83%9D%E1%83%A1%E1%83%90%E1%83%AE%E1%83%9A%E1%83%94%E1%83%96%E1%83%94_%E1%83%9B%E1%83%A8%E1%83%9E-%E1%83%98%E1%83%A1_(%E1%83%9C%E1%83%9D%E1%83%9B%E1%83%98%E1%83%9C%E1%83%90%E1%83%9A%E1%83%98)_%E1%83%9B%E1%83%98%E1%83%AE%E1%83%94%E1%83%93%E1%83%95%E1%83%98%E1%83%97&action=edit&undoafter=2603913&undo=2703334
430,https://eu.wikipedia.org/w/index.php?title=Azala&diff=prev&oldid=9156834
431,https://auth.wikimedia.org/enwiki/w/index.php?title=Special:CreateAccount&campaign=anoneditwarning&centralauthLoginToken=205a2b56b743f2f0026e02ea3cf01e64&mobileaction=toggle_view_desktop&returnto=Main_Page&usesul3=1
432,https://eu.wikipedia.org/w/index.php?title=Azala&diff=9807453&oldid=8745982
433,https://en.wikipedia.org/wiki/Special:QrCode?url=https%3A%2F%2Fauth.wikimedia.org%2Fenwiki%2Fw%2Findex.php%3Ftitle%3DSpecial%3AUserLogin%26centralauthLoginToken%3D91b4b8aa8daede5884a0f0e7bf1c3766%26mobileaction%3Dtoggle_view_desktop%26returnto%3DMain_Page%26usesul3%3D1
434,https://auth.wikimedia.org/enwiki/w/index.php?title=Special:CreateAccount&campaign=loginCTA&centralauthLoginToken=91b4b8aa8daede5884a0f0e7bf1c3766&mobileaction=toggle_view_desktop&returnto=Main_Page&usesul3=1
435,https://en.m.wikipedia.org/w/index.php?title=Wikipedia:Manual_of_Style/Dates_and_numbers&action=edit&section=34
436,https://en.m.wikipedia.org/wiki/Digendra_Kumar
437,https://auth.wikimedia.org/brwiki/w/index.php?title=Dibar:Kroui%C3%B1Kont&centralauthLoginToken=e3de6c8214be5875cfcd65991ed46ea2&returnto=Main_Page&usesul3=1&mobileaction=toggle_view_mobile
438,https://en.m.wikipedia.org/w/index.php?title=8th_Infantry_Division_(India)&action=edit&section=3
439,https://en.wikipedia.org/wiki/Category:1213_births
440,https://en.m.wikipedia.org/wiki/Balwan_Singh
441,https://pnb.wikipedia.org/wiki/%DA%AF%D9%B9%DA%BE:1213_%D8%AF%DB%92_%D8%AC%D9%85
442,https://search.worldcat.org/search?q=n2:2095-3836
443,https://en.wikipedia.org/wiki/Trabeate
444,https://en.m.wikipedia.org/wiki/Ganges_River
445,https://ka.m.wikipedia.org/wiki/%E1%83%93%E1%83%90%E1%83%AE%E1%83%9B%E1%83%90%E1%83%A0%E1%83%94%E1%83%91%E1%83%90:%E1%83%A2%E1%83%94%E1%83%A5%E1%83%A1%E1%83%A2%E1%83%98%E1%83%A1_%E1%83%A0%E1%83%94%E1%83%93%E1%83%90%E1%83%A5%E1%83%A2%E1%83%98%E1%83%A0%E1%83%94%E1%83%91%E1%83%90_(%E1%83%9B%E1%83%90%E1%83%A0%E1%83%A2%E1%83%98%E1%83%95%E1%83%98)
446,https://zh.m.wikipedia.org/wiki/%E6%9F%B1%E5%A4%B4_(%E5%BB%BA%E7%AD%91)
447,https://en.wikipedia.org/wiki/Category:Articles_with_dead_external_links_from_December_2018
448,https://en.wikipedia.org/wiki/Category:Articles_with_dead_external_links_from_February_2025?from=H
449,https://en.wikipedia.org/wiki/Nicaean%E2%80%93Latin_wars
450,https://ar.wikipedia.org/wiki/%D8%AA%D8%B5%D9%86%D9%8A%D9%81:%D9%85%D9%82%D8%A7%D9%84%D8%A7%D8%AA_%D8%B0%D8%A7%D8%AA_%D9%88%D8%B5%D9%84%D8%A7%D8%AA_%D8%AE%D8%A7%D8%B1%D8%AC%D9%8A%D8%A9_%D9%85%D9%83%D8%B3%D9%88%D8%B1%D8%A9_%D9%85%D9%86%D8%B0_%D8%AF%D9%8A%D8%B3%D9%85%D8%A8%D8%B1_2018
451,https://ka.wikipedia.org/wiki/%E1%83%99%E1%83%90%E1%83%A2%E1%83%94%E1%83%92%E1%83%9D%E1%83%A0%E1%83%98%E1%83%90:%E1%83%95%E1%83%98%E1%83%99%E1%83%98%E1%83%9E%E1%83%94%E1%83%93%E1%83%98%E1%83%90
452,https://ar.m.wikipedia.org/wiki/%D8%AA%D8%B5%D9%86%D9%8A%D9%81:%D9%85%D9%82%D8%A7%D9%84%D8%A7%D8%AA_%D8%B0%D8%A7%D8%AA_%D9%88%D8%B5%D9%84%D8%A7%D8%AA_%D8%AE%D8%A7%D8%B1%D8%AC%D9%8A%D8%A9_%D9%85%D9%83%D8%B3%D9%88%D8%B1%D8%A9_%D9%85%D9%86%D8%B0_%D8%AF%D9%8A%D8%B3%D9%85%D8%A8%D8%B1_2018
453,https://ka.wikipedia.org/wiki/%E1%83%93%E1%83%90%E1%83%AE%E1%83%9B%E1%83%90%E1%83%A0%E1%83%94%E1%83%91%E1%83%90:%E1%83%AE%E1%83%A8%E1%83%98%E1%83%A0%E1%83%98_%E1%83%A8%E1%83%94%E1%83%99%E1%83%98%E1%83%97%E1%83%AE%E1%83%95%E1%83%94%E1%83%91%E1%83%98
454,https://ka.m.wikipedia.org/wiki/%E1%83%97%E1%83%90%E1%83%A0%E1%83%92%E1%83%98:%E1%83%A5%E1%83%95%E1%83%94%E1%83%A7%E1%83%9C%E1%83%98%E1%83%A1_%E1%83%9B%E1%83%9D%E1%83%9C%E1%83%90%E1%83%AA%E1%83%94%E1%83%9B%E1%83%94%E1%83%91%E1%83%98_%E1%83%9C%E1%83%98%E1%83%92%E1%83%94%E1%83%A0%E1%83%98
455,https://ka.m.wikipedia.org/wiki/%E1%83%9B%E1%83%9D%E1%83%93%E1%83%A3%E1%83%9A%E1%83%98:Message_box/ambox.css
456,https://so.wikipedia.org/wiki/Template:Country_data_Nayjar
457,https://en.m.wikipedia.org/w/index.php?title=Special:QrCode&url=https%3A%2F%2Fauth.wikimedia.org%2Fenwiki%2Fw%2Findex.php%3Ftitle%3DSpecial%3ACreateAccount%26campaign%3Danoneditwarning%26centralauthLoginToken%3D205a2b56b743f2f0026e02ea3cf01e64%26returnto%3DMain_Page%26useformat%3Ddesktop%26usesul3%3D1
458,https://ka.m.wikipedia.org/wiki/%E1%83%97%E1%83%90%E1%83%A0%E1%83%92%E1%83%98:%E1%83%A5%E1%83%95%E1%83%94%E1%83%A7%E1%83%9C%E1%83%98%E1%83%A1_%E1%83%9B%E1%83%9D%E1%83%9C%E1%83%90%E1%83%AA%E1%83%94%E1%83%9B%E1%83%94%E1%83%91%E1%83%98_%E1%83%9C%E1%83%98%E1%83%93%E1%83%94%E1%83%A0%E1%83%9A%E1%83%90%E1%83%9C%E1%83%93%E1%83%98
459,https://eu.wikipedia.org/wiki/Eztabaida:Azala
460,https://ta.wikipedia.org/wiki/%E0%AE%B5%E0%AE%BE%E0%AE%B0%E0%AF%8D%E0%AE%AA%E0%AF%8D%E0%AE%AA%E0%AF%81%E0%AE%B0%E0%AF%81:%E0%AE%A8%E0%AE%BE%E0%AE%9F%E0%AF%8D%E0%AE%9F%E0%AF%81%E0%AE%A4%E0%AF%8D_%E0%AE%A4%E0%AE%95%E0%AE%B5%E0%AE%B2%E0%AF%8D_%E0%AE%A8%E0%AF%88%E0%AE%9C%E0%AE%B0%E0%AF%8D
461,https://ka.m.wikipedia.org/wiki/%E1%83%97%E1%83%90%E1%83%A0%E1%83%92%E1%83%98:%E1%83%A5%E1%83%95%E1%83%94%E1%83%A7%E1%83%9C%E1%83%98%E1%83%A1_%E1%83%9B%E1%83%9D%E1%83%9C%E1%83%90%E1%83%AA%E1%83%94%E1%83%9B%E1%83%94%E1%83%91%E1%83%98_%E1%83%A4%E1%83%9D%E1%83%9A%E1%83%99%E1%83%9A%E1%83%94%E1%83%9C%E1%83%93%E1%83%98%E1%83%A1_%E1%83%99%E1%83%A3%E1%83%9C%E1%83%AB%E1%83%A3%E1%83%9A%E1%83%94%E1%83%91%E1%83%98
462,https://en.m.wikipedia.org/w/index.php?title=Special:QrCode&url=https%3A%2F%2Fauth.wikimedia.org%2Fenwiki%2Fw%2Findex.php%3Ftitle%3DSpecial%3ACreateAccount%26campaign%3DloginCTA%26centralauthLoginToken%3D91b4b8aa8daede5884a0f0e7bf1c3766%26returnto%3DMain_Page%26useformat%3Ddesktop%26usesul3%3D1
463,https://en.wikipedia.org/wiki/Special:QrCode?url=https%3A%2F%2Fauth.wikimedia.org%2Fenwiki%2Fw%2Findex.php%3Ftitle%3DSpecial%3ACreateAccount%26campaign%3DloginCTA%26centralauthLoginToken%3D91b4b8aa8daede5884a0f0e7bf1c3766%26mobileaction%3Dtoggle_view_desktop%26returnto%3DMain_Page%26usesul3%3D1
464,https://commons.wikimedia.org/wiki/Commons:HD
465,https://en.m.wikipedia.org/w/index.php?title=Special:UrlShortener&url=https%3A%2F%2Fen.wikipedia.org%2Fw%2Findex.php%3Ftitle%3DWikipedia%3AManual_of_Style%2FDates_and_numbers%26action%3Dedit%26section%3D34
466,https://ta.wiktionary.org/wiki/%E0%AE%AE%E0%AF%81%E0%AE%A4%E0%AE%B1%E0%AF%8D_%E0%AE%AA%E0%AE%95%E0%AF%8D%E0%AE%95%E0%AE%AE%E0%AF%8D
467,https://zh-min-nan.wikipedia.org/wiki/Pang-b%C3%B4%CD%98:Country_data_Falkland_Islands
468,https://en.wikipedia.org/w/index.php?action=edit&section=34&title=Wikipedia%3AManual_of_Style%2FDates_and_numbers&mfnoscript=1
469,https://en.m.wikipedia.org/w/index.php?title=Special:MobileOptions&returnto=Wikipedia%3AManual+of+Style%2FDates+and+numbers
470,https://en.m.wikipedia.org/wiki/St._Peters_Strikers_FC
471,https://zh-min-nan.m.wikipedia.org/wiki/Pang-b%C3%B4%CD%98:Country_data_Falkland_Islands
472,https://en.m.wikipedia.org/wiki/Panch_Prayag
473,https://en.m.wikipedia.org/wiki/Vahana
474,https://auth.wikimedia.org/kawiki/wiki/%E1%83%A1%E1%83%9E%E1%83%94%E1%83%AA%E1%83%98%E1%83%90%E1%83%9A%E1%83%A3%E1%83%A0%E1%83%98:%E1%83%90%E1%83%9C%E1%83%92%E1%83%90%E1%83%A0%E1%83%98%E1%83%A8%E1%83%98%E1%83%A1_%E1%83%A8%E1%83%94%E1%83%A5%E1%83%9B%E1%83%9C%E1%83%90?useformat=desktop&usesul3=1&returnto=Main_Page&centralauthLoginToken=b99e41a1795d89e5b8f727d9e8b1af04
475,https://zh.m.wikipedia.org/w/index.php?title=%E6%9F%B1%E5%A4%B4_(%E5%BB%BA%E7%AD%91)&action=edit
476,https://cavehillopac.cavehill.uwi.edu/F/L7VQFP2DBNDNEJ3G8EQUG359QDJS6B6RKJXV6AL7I8RTRRAHE3-08670?func=find-b&local_base=CAV01PUB&request=9780708905876&find_code=ISBN
477,https://ka.m.wikipedia.org/wiki/%E1%83%99%E1%83%90%E1%83%A2%E1%83%94%E1%83%92%E1%83%9D%E1%83%A0%E1%83%98%E1%83%90:%E1%83%95%E1%83%98%E1%83%99%E1%83%98%E1%83%9E%E1%83%94%E1%83%93%E1%83%98%E1%83%90:%E1%83%93%E1%83%90%E1%83%AE%E1%83%9B%E1%83%90%E1%83%A0%E1%83%94%E1%83%91%E1%83%90
478,https://ka.wikipedia.org/wiki/%E1%83%95%E1%83%98%E1%83%99%E1%83%98%E1%83%9E%E1%83%94%E1%83%93%E1%83%98%E1%83%90:%E1%83%9B%E1%83%9D%E1%83%92%E1%83%95%E1%83%AC%E1%83%94%E1%83%A0%E1%83%94%E1%83%97/%E1%83%97%E1%83%90%E1%83%95%E1%83%98
479,https://en.wikipedia.org/wiki/Alexios_III_Angelos
480,https://en.wikipedia.org/w/index.php?title=Category:Articles_with_dead_external_links_from_February_2025&subcatfrom=H&filefrom=H&pageuntil=H
481,https://zh.m.wikipedia.org/wiki/Category:%E5%8C%85%E5%90%ABAAT%E6%A0%87%E8%AF%86%E7%AC%A6%E7%9A%84%E7%BB%B4%E5%9F%BA%E7%99%BE%E7%A7%91%E6%9D%A1%E7%9B%AE
482,https://books.google.com/books?id=2Wc-DWRzoeIC
483,https://eu.wikipedia.org/w/index.php?title=Lankide:Coin945&action=edit&redlink=1
484,https://books.google.com/books?id=2Wc-DWRzoeIC&q=Stefan+Nemanja&source=gbs_word_cloud_r&cad=4
485,"https://commons.wikimedia.org/wiki/File:Domenico_De_Angelis_-_,_Woman_Carrying_a_Barrel,_Watercolor_on_Paper.jpg"
486,https://books.google.com/books?id=2Wc-DWRzoeIC&q=Stefan&source=gbs_word_cloud_r&cad=4
487,https://en.m.wikipedia.org/w/index.php?title=Special:QrCode&url=https%3A%2F%2Fauth.wikimedia.org%2Fenwiki%2Fw%2Findex.php%3Ftitle%3DSpecial%3AUserLogin%26centralauthLoginToken%3D91b4b8aa8daede5884a0f0e7bf1c3766%26mobileaction%3Dtoggle_view_desktop%26returnto%3DMain_Page%26usesul3%3D1
488,https://en.wikipedia.org/wiki/Wikipedia_talk:Today%27s_articles_for_improvement
489,https://ci.nii.ac.jp/books/search?isbn=9780708905876&l=en
490,https://www.iar.unlp.edu.ar/biblio/cgi-bin/opacmarc/wxis?IsisScript=opac%2Fxis%2Fopac.xis&db=astro&searchType=SN&query=9780708905876
491,https://ta.wikipedia.org/wiki/%E0%AE%9A%E0%AE%BF%E0%AE%B1%E0%AE%AA%E0%AF%8D%E0%AE%AA%E0%AF%81:WhatLinksHere/%E0%AE%B5%E0%AE%BE%E0%AE%B0%E0%AF%8D%E0%AE%AA%E0%AF%8D%E0%AE%AA%E0%AF%81%E0%AE%B0%E0%AF%81:%E0%AE%A8%E0%AE%BE%E0%AE%9F%E0%AF%8D%E0%AE%9F%E0%AF%81%E0%AE%A4%E0%AF%8D_%E0%AE%A4%E0%AE%95%E0%AE%B5%E0%AE%B2%E0%AF%8D_%E0%AE%A8%E0%AF%88%E0%AE%9C%E0%AE%B0%E0%AF%8D
492,https://www.flipkart.com/search?q=9780708905876
493,https://ta.wiktionary.org/wiki/%E0%AE%B5%E0%AE%BF%E0%AE%95%E0%AF%8D%E0%AE%9A%E0%AE%A9%E0%AE%B0%E0%AE%BF:%E0%AE%AA%E0%AF%81%E0%AE%A4%E0%AF%81%E0%AE%AA%E0%AF%8D_%E0%AE%AA%E0%AE%AF%E0%AE%A9%E0%AE%B0%E0%AF%8D_%E0%AE%AA%E0%AE%95%E0%AF%8D%E0%AE%95%E0%AE%AE%E0%AF%8D
494,https://zh-min-nan.wikipedia.org/wiki/Tek-pia%CC%8Dt:T%C3%B3-%C5%ABi_li%C3%A2n_k%C3%A0u_chia/Pang-b%C3%B4%CD%98:Country_data_Falkland_Islands
495,https://en.wikipedia.org/wiki/Special:MobileOptions
496,https://ta.wiktionary.org/wiki/%E0%AE%9A%E0%AE%BF%E0%AE%B1%E0%AE%AA%E0%AF%8D%E0%AE%AA%E0%AF%81:WhatLinksHere/%E0%AE%AE%E0%AF%81%E0%AE%A4%E0%AE%B1%E0%AF%8D_%E0%AE%AA%E0%AE%95%E0%AF%8D%E0%AE%95%E0%AE%AE%E0%AF%8D
497,https://en.m.wikipedia.org/w/index.php?title=Vahana&action=edit
498,https://ta.wikipedia.org/wiki/%E0%AE%AA%E0%AE%95%E0%AF%81%E0%AE%AA%E0%AF%8D%E0%AE%AA%E0%AF%81:%E0%AE%85%E0%AE%A9%E0%AF%88%E0%AE%A4%E0%AF%8D%E0%AE%A4%E0%AF%81_%E0%AE%A8%E0%AE%BE%E0%AE%9F%E0%AF%8D%E0%AE%9F%E0%AF%81%E0%AE%A4%E0%AF%8D_%E0%AE%A4%E0%AE%95%E0%AE%B5%E0%AE%B2%E0%AF%8D_%E0%AE%B5%E0%AE%BE%E0%AE%B0%E0%AF%8D%E0%AE%AA%E0%AF%8D%E0%AE%AA%E0%AF%81%E0%AE%B0%E0%AF%81%E0%AE%95%E0%AF%8D%E0%AE%95%E0%AE%B3%E0%AF%8D
499,https://library.federation.edu.au:443/search/a?searchtype=i&searcharg=9780708905876
500,"https://katalogi.bn.org.pl/discovery/search?query=isbn,contains,9781851099252&vid=48OMNIS_NLOP:48OMNIS_NLOP"
501,https://library.federation.edu.au:443/search~S4?/i9780708905876/i9780708905876/-3%2C0%2C0%2CB/frameset&FF=i9780709919322&1%2C1%2C/indexsort=-
502,https://en.m.wikipedia.org/wiki/File:Dhumavati.JPG
503,https://en.m.wikipedia.org/wiki/Special:BookSources/978-0708905876
504,https://auth.wikimedia.org/zhwiki/wiki/Special:%E7%94%A8%E6%88%B7%E7%99%BB%E5%BD%95?useformat=mobile&usesul3=1&returnto=Main_Page&centralauthLoginToken=815220b155bef4f648cb26e1d5bd113f
505,https://en.m.wikipedia.org/wiki/Special:BookSources/978-1851099252
506,https://en.m.wikipedia.org/wiki/Rivers_in_Hinduism
507,https://linneanet.fi
508,https://www.wikidata.org/wiki/Q1207774
509,https://zh.m.wikipedia.org/wiki/%E8%97%9D%E8%A1%93%E8%88%87%E5%BB%BA%E7%AF%89%E7%B4%A2%E5%BC%95%E5%85%B8
510,https://so.wikipedia.org/wiki/Wikipedia:Albaabka_bulshada
511,https://linneanet.fi/vastuullinen-pelaaminen/
512,https://en.wikipedia.org/wiki/Boniface_of_Montferrat
513,https://christchurch.bibliocommons.com/v2/search?query=9780708905876&searchType=smart
514,https://christchurch.bibliocommons.com/v2/locations
515,https://ka.wikipedia.org/wiki/%E1%83%95%E1%83%98%E1%83%99%E1%83%98%E1%83%9E%E1%83%94%E1%83%93%E1%83%98%E1%83%90:%E1%83%9B%E1%83%9D%E1%83%92%E1%83%95%E1%83%AC%E1%83%94%E1%83%A0%E1%83%94%E1%83%97/%E1%83%90%E1%83%A0%E1%83%A5%E1%83%98%E1%83%95%E1%83%98/2008/1
516,https://zh.m.wikipedia.org/zh-hk/Category:%E5%8C%85%E5%90%ABAAT%E6%A0%87%E8%AF%86%E7%AC%A6%E7%9A%84%E7%BB%B4%E5%9F%BA%E7%99%BE%E7%A7%91%E6%9D%A1%E7%9B%AE
517,https://zh.m.wikipedia.org/zh-tw/Category:%E5%8C%85%E5%90%ABAAT%E6%A0%87%E8%AF%86%E7%AC%A6%E7%9A%84%E7%BB%B4%E5%9F%BA%E7%99%BE%E7%A7%91%E6%9D%A1%E7%9B%AE
518,https://zh.m.wikipedia.org/wiki/Help:%E5%88%86%E7%B1%BB
519,https://en.m.wikipedia.org/w/index.php?title=Special:QrCode&url=https%3A%2F%2Fauth.wikimedia.org%2Fenwiki%2Fw%2Findex.php%3Ftitle%3DSpecial%3ACreateAccount%26campaign%3DloginCTA%26centralauthLoginToken%3D91b4b8aa8daede5884a0f0e7bf1c3766%26mobileaction%3Dtoggle_view_desktop%26returnto%3DMain_Page%26usesul3%3D1
520,https://my.christchurchcitylibraries.com/explore/?post-type=staff-list%2Ccommunity-list
521,https://en.wikipedia.org/w/index.php?title=Category:Articles_with_dead_external_links_from_February_2025&filefrom=H&pageuntil=Elbeltagy%2C+Mohamed%0AMohamed+Elbeltagy&subcatfrom=H
522,https://ka.wikipedia.org/wiki/%E1%83%A4%E1%83%90%E1%83%98%E1%83%9A%E1%83%98:Contactus-wmcolors.png
523,https://en.m.wikipedia.org/wiki/Victorian_College_of_the_Arts
524,https://en.wikipedia.org/w/index.php?title=Special:MobileOptions&returnto=Wikipedia%3AManual+of+Style%2FDates+and+numbers
525,https://en.m.wikipedia.org/wiki/Universidad_de_San_Andr%C3%A9s
526,https://en.m.wikipedia.org/w/index.php?title=Wikipedia:Manual_of_Style/Dates_and_numbers&action=edit&mfnoscript=1&section=34
527,https://auth.wikimedia.org/enwiki/wiki/Special:UserLogin?useformat=mobile&usesul3=1&returnto=Main_Page&centralauthLoginToken=4ffa75ddb84d371f3cdf4587275a480e
528,https://en.m.wikipedia.org/wiki/Central_Library_of_Politehnica_University_of_Timi%C8%99oara
529,https://zh.m.wikipedia.org/wiki/12%E6%9C%88
530,https://auth.wikimedia.org/enwiki/wiki/Special:UserLogin?useformat=mobile&usesul3=1&returnto=Main_Page&centralauthLoginToken=b625938b921f947d9d0a511607525f99
531,https://en.m.wikipedia.org/wiki/Copac
532,https://zh.m.wikipedia.org/wiki/11%E6%9C%88
533,https://en.m.wikipedia.org/wiki/University_of_San_Carlos
534,https://ta.wikipedia.org/wiki/%E0%AE%B5%E0%AE%BE%E0%AE%B0%E0%AF%8D%E0%AE%AA%E0%AF%8D%E0%AE%AA%E0%AF%81%E0%AE%B0%E0%AF%81:%E0%AE%A8%E0%AE%BE%E0%AE%9F%E0%AF%8D%E0%AE%9F%E0%AF%81%E0%AE%A4%E0%AF%8D_%E0%AE%A4%E0%AE%95%E0%AE%B5%E0%AE%B2%E0%AF%8D_%E0%AE%95%E0%AE%BF%E0%AE%AF%E0%AF%82%E0%AE%AA%E0%AF%86%E0%AE%95%E0%AF%8D_%E0%AE%A8%E0%AE%95%E0%AE%B0%E0%AE%AE%E0%AF%8D
535,https://en.m.wikipedia.org/w/index.php?title=Special:MobileOptions&returnto=File%3ADhumavati.JPG
536,"https://en.m.wikipedia.org/wiki/Lincoln_University,_New_Zealand"
537,https://auth.wikimedia.org/enwiki/wiki/Special:UserLogin?useformat=mobile&usesul3=1&returnto=Main_Page&centralauthLoginToken=19bd9bb1ecc082cc43d4beb99ec1a7e6
538,https://en.m.wikipedia.org/wiki/Apasara
539,https://zh.m.wikipedia.org/w/index.php?title=Help:%E5%88%86%E7%B1%BB&action=edit&section=12
540,https://zh.m.wikipedia.org/w/index.php?title=Help:%E5%88%86%E7%B1%BB&action=edit&section=13
541,https://ar.wikipedia.org/wiki/%D8%A8%D9%88%D9%86%D9%8A%D9%81%D8%A7%D8%B3_%D8%A7%D9%84%D8%A3%D9%88%D9%84_%D9%85%D8%A7%D8%B1%D9%83%D9%8A%D8%B2_%D9%85%D9%88%D9%86%D8%AA%D9%81%D9%8A%D8%B1%D8%A7%D8%AA
542,https://auth.wikimedia.org/kawiki/wiki/%E1%83%A1%E1%83%9E%E1%83%94%E1%83%AA%E1%83%98%E1%83%90%E1%83%9A%E1%83%A3%E1%83%A0%E1%83%98:%E1%83%A8%E1%83%94%E1%83%A1%E1%83%95%E1%83%9A%E1%83%90?useformat=mobile&usesul3=1&returnto=Main_Page&centralauthLoginToken=55f8f546b8cb0056e997c1c11c354552
543,https://www.wikidata.org/wiki/Special:MyLanguage/Project:Community_portal
544,https://zh.m.wikipedia.org/wiki/%E9%98%BF%E6%8B%89%E4%BC%AF%E6%95%B0%E5%AD%97
545,https://zh.m.wikipedia.org/wiki/%E5%8E%86%E5%8F%B2%E4%B8%8A%E7%9A%84%E4%BB%8A%E5%A4%A9
546,https://da.wikipedia.org/wiki/Bruger:Palnatoke/Autolister/Guder
547,https://creativecommons.org/licenses/by-sa/4.0/deed.da
548,https://auth.wikimedia.org/zhwiki/wiki/Special:%E7%94%A8%E6%88%B7%E7%99%BB%E5%BD%95?useformat=mobile&usesul3=1&returnto=Main_Page&centralauthLoginToken=d3d4a50640789a83d126290a961fa4cb
549,https://foundation.wikimedia.org/wiki/Special:MyLanguage/Policy:Terms_of_Use/da
550,https://en.wikipedia.org/wiki/Rivers_in_Hinduism
551,https://en.wikipedia.org/w/index.php?title=Vahana&action=edit
552,https://www.wikidata.org/wiki/Q12675675
553,https://www.wikidata.org/wiki/Q131301488
554,https://www.wikidata.org/wiki/Q12676814
555,https://www.wikidata.org/wiki/Q12672073
556,https://www.wikidata.org/wiki/Q9207548
557,https://www.wikidata.org/wiki/Q12653045
558,https://www.wikidata.org/wiki/Q16465826
559,https://www.wikidata.org/wiki/Q16450896
560,https://www.wikidata.org/wiki/Q16451976
561,https://www.wikidata.org/wiki/Q11179848
562,https://www.wikidata.org/wiki/Q30950690
563,https://www.wikidata.org/wiki/Q10567141
564,https://lfn.wikipedia.org/wiki/Categoria:Pajes_con_lias_de_fix_rompeda
565,https://nqo.wikipedia.org/wiki/%DF%A6%DF%8C%DF%9F%DF%A1%DF%8A:%DF%9E%DF%90%DF%95%DF%90%DF%AF_%DF%95%DF%8C%DF%A2%DF%8D%DF%A3%DF%8D%DF%B2%DF%AB_%DF%9B%DF%98%DF%8C%DF%AC%DF%9C%DF%8B%DF%B2%DF%AC_%DF%9E%DF%90%DF%9C%DF%8D_%DF%9F%DF%8E%DF%AC
566,https://nds-nl.wikipedia.org/wiki/Kategorie:Syden_mid_verkeyrde_bestandsverwysingen
567,https://ps.wikipedia.org/wiki/%D9%88%DB%90%D8%B4%D9%86%D9%8A%D8%B2%D9%87:%D8%AF_%D8%AF%D9%88%D8%AA%D9%86%D9%88_%D8%B3%D8%B1%D9%87_%D8%AE%D8%B1%D8%A7%D9%BE_%D8%AA%DA%93%D9%86%DB%8D_%D9%84%D8%B1%D9%88%D9%86%DA%A9%DB%8C_%D9%85%D8%AE%D9%88%D9%86%D9%87
568,https://www.wikidata.org/wiki/Q24841519
569,https://www.wikidata.org/wiki/Q1654753
570,https://lb.wikipedia.org/wiki/Kategorie:S%C3%A4ite_mat_futtisse_Linken_op_Fichieren
571,https://www.wikidata.org/wiki/Q28410891
572,https://da.wikipedia.org/wiki/Fil:CADAL02098297_%E4%B8%89%E6%89%8D%E5%9C%96%E6%9C%83%EF%BC%88%E4%B8%89%E5%8D%81%EF%BC%89%E9%9D%92%E7%83%8F%E5%85%AC.jpg
573,https://www.wikidata.org/wiki/Q22099889
574,https://www.wikidata.org/wiki/Q15938126
575,https://www.wikidata.org/wiki/Q18415792
576,https://stq.wikipedia.org/wiki/Kategorie:Sieden_m%C3%A4d_stukkene_Doat%C3%A4ilinke
577,https://da.wikipedia.org/wiki/Wikipedia:Om
578,https://www.wikidata.org/wiki/Q48759455
579,https://da.wikipedia.org/wiki/Fil:Statue_of_Uh%C5%8D-d%C5%8Dji_at_Kong%C5%8Dsh%C5%8D-ji.jpg
580,https://www.wikidata.org/wiki/Q17031124
581,https://www.wikidata.org/wiki/Q11653519
582,https://www.wikidata.org/wiki/Q10564195
583,https://roa-tara.wikipedia.org/wiki/Categoria:P%C3%A0ggene_cu_collegaminde_a_le_file_scuasciate
584,https://www.wikidata.org/wiki/Q10564121
585,https://bn.wikipedia.org/wiki/%E0%A6%AC%E0%A6%BF%E0%A6%B7%E0%A6%AF%E0%A6%BC%E0%A6%B6%E0%A7%8D%E0%A6%B0%E0%A7%87%E0%A6%A3%E0%A7%80:%E0%A6%85%E0%A6%95%E0%A6%BE%E0%A6%B0%E0%A7%8D%E0%A6%AF%E0%A6%95%E0%A6%B0_%E0%A6%AB%E0%A6%BE%E0%A6%87%E0%A6%B2_%E0%A6%B8%E0%A6%82%E0%A6%AF%E0%A7%8B%E0%A6%97%E0%A6%B8%E0%A6%B9_%E0%A6%AA%E0%A6%BE%E0%A6%A4%E0%A6%BE%E0%A6%B8%E0%A6%AE%E0%A7%82%E0%A6%B9
586,https://www.wikidata.org/wiki/Q11647082
587,"https://fi.wikipedia.org/wiki/Luokka:Sivut,_joissa_on_toimimattomia_tiedostolinkkej%C3%A4"
588,https://foundation.wikimedia.org/w/index.php?title=Special:UrlShortener&url=https%3A%2F%2Ffoundation.wikimedia.org%2Fwiki%2FPolicy%3ATerms_of_Use
589,https://www.wikidata.org/wiki/Q11646927
590,https://da.wikipedia.org/wiki/Kategori:Sider_med_brudte_filhenvisninger
591,https://en.wikipedia.org/w/index.php?title=Rivers_in_Hinduism&action=edit&section=11
592,https://en.wikipedia.org/wiki/File:A_Devi_sculpture_in_Sri_Lanka_Goddess_Ganga.jpg
593,https://id.wikipedia.org/wiki/Kategori:Halaman_dengan_berkas_rusak
594,https://www.wikidata.org/wiki/Special:SetLabelDescriptionAliases/Q12653045/en
595,https://www.wikidata.org/w/index.php?title=Q12653045&printable=yes
596,https://so.wikipedia.org/wiki/Category:Pages_with_broken_file_links
597,https://en.wikipedia.org/wiki/Kalika_Purana
598,https://en.wikipedia.org/wiki/Template:Sister_project
599,https://nds-nl.wikipedia.org/wiki/Hulpe:Informasie_veur_anwas
600,https://stq.wikipedia.org/w/index.php?title=Kategorie:Sieden_m%C3%A4d_stukkene_Doat%C3%A4ilinke&action=info
601,https://stq.wikipedia.org/w/index.php?title=Spezial:DownloadAsPdf&page=Kategorie%3ASieden_m%C3%A4d_stukkene_Doat%C3%A4ilinke&action=show-download-screen
602,https://wuu.wikipedia.org/wiki/Category:%E6%9C%89%E5%9D%8F%E8%84%B1%E6%96%87%E4%BB%B6%E9%93%BE%E6%8E%A5%E4%B8%AA%E9%A1%B5%E9%9D%A2
603,https://www.wikidata.org/wiki/Special:RecentChangesLinked/Q10567141
604,https://stq.wikipedia.org/wiki/Wikipedia:Bielden_fon_ju_Wiek/2014
605,https://mr.wikipedia.org/wiki/%E0%A4%B5%E0%A4%B0%E0%A5%8D%E0%A4%97:%E0%A4%A4%E0%A5%81%E0%A4%9F%E0%A4%B2%E0%A5%87%E0%A4%B2%E0%A5%8D%E0%A4%AF%E0%A4%BE_%E0%A4%B8%E0%A4%82%E0%A4%9A%E0%A4%BF%E0%A4%95%E0%A4%BE_%E0%A4%A6%E0%A5%81%E0%A4%B5%E0%A5%8D%E0%A4%AF%E0%A4%BE%E0%A4%82%E0%A4%B8%E0%A4%B9_%E0%A4%85%E0%A4%B8%E0%A4%B2%E0%A5%87%E0%A4%B2%E0%A5%80_%E0%A4%AA%E0%A4%BE%E0%A4%A8%E0%A5%87
606,https://da.m.wikipedia.org/wiki/Bruger:Palnatoke/Autolister/Guder
607,https://da.m.wikipedia.org/wiki/Fil:CADAL02098297_%E4%B8%89%E6%89%8D%E5%9C%96%E6%9C%83%EF%BC%88%E4%B8%89%E5%8D%81%EF%BC%89%E9%9D%92%E7%83%8F%E5%85%AC.jpg
608,https://da.m.wikipedia.org/wiki/Fil:Statue_of_Uh%C5%8D-d%C5%8Dji_at_Kong%C5%8Dsh%C5%8D-ji.jpg
609,https://da.m.wikipedia.org/wiki/Fil:Nitten_KNM.jpg
610,https://da.m.wikipedia.org/wiki/Fil:Jiten.jpg
611,https://da.m.wikipedia.org/wiki/Fil:%E8%B5%B7%E9%A6%AC.JPG
612,https://da.m.wikipedia.org/w/index.php?title=Bruger:Palnatoke/Autolister/Guder&action=history
613,https://da.m.wikipedia.org/wiki/Fil:9_Gunshin.jpg
614,https://da.m.wikipedia.org/wiki/Fil:%E5%8D%8E%E7%A5%96%E7%AB%8B_%E7%8E%84%E9%97%A8%E5%8D%81%E5%AD%90%E5%9B%BE_(%E5%8D%97%E8%8D%A3%E8%B6%8E).jpg
615,https://da.m.wikipedia.org/wiki/Evenkere
616,"https://da.m.wikipedia.org/wiki/Fil:Chamber_A,_Yazilikaya_06.jpg"
617,https://da.m.wikipedia.org/wiki/Fil:Khaldi.JPG
618,https://da.m.wikipedia.org/wiki/Fil:Onam_thrikkakkarappan_kerala.jpg
619,"https://da.m.wikipedia.org/wiki/Fil:Komi,_1907_-_Finnic_dress_-_Museum_of_Cultures_(Helsinki)_-_DSC04802.JPG"
620,https://da.m.wikipedia.org/wiki/Fil:Jumyn_udyr_08.jpg
621,https://journals.plos.org/plosone/
622,"https://da.m.wikipedia.org/wiki/Fil:Daksha_was_angry_with_Inter_galactic_traveller_Narada,_just_because_he_taught_good_things_to_his_sons._Narada_travels_o_different_galaxies_with_his_thought_power.jpg"
623,https://da.m.wikipedia.org/wiki/Meg%C3%A6re
624,https://journals.plos.org/plosgenetics/
625,https://da.m.wikipedia.org/wiki/Fil:Kugu-Jumo_den_apshat_11.jpg
626,https://da.m.wikipedia.org/wiki/Fil:%D0%A1%D0%BE%D0%BB%D0%BE%D0%B2%D0%B5%D0%B9_%D0%91%D1%83%D0%B4%D0%B8%D0%BC%D0%B8%D1%80%D0%BE%D0%B2%D0%B8%D1%87_-_1912.jpg
627,https://da.m.wikipedia.org/wiki/Fil:Tsei-loam.jpg
628,https://da.m.wikipedia.org/wiki/Fil:Sebeket_Sebek.jpg
629,https://da.m.wikipedia.org/wiki/Fil:%D0%A1%D0%B0%D1%80%D0%BC%D0%B0%D0%BA(%D0%94%D1%80%D0%B0%D0%BA%D0%BE%D0%BD).png
630,https://da.m.wikipedia.org/wiki/Fil:Pupygs_01.jpg
631,https://da.m.wikipedia.org/wiki/Skytsengel
632,https://da.m.wikipedia.org/wiki/Fil:Ovdy.jpg
633,https://da.m.wikipedia.org/wiki/Fil:26_Zograf_Martyrs.jpg
634,https://da.m.wikipedia.org/wiki/Fil:Venus_with_reflection.jpg
635,https://da.m.wikipedia.org/wiki/Fil:NIN-beltu_Cuneiform.svg
636,https://scholar.google.com/scholar?q=Lipid+membranes+modulate+the+activity+of+RNA+through+sequence-dependent+interactions+Czerniak+2022
637,"https://da.m.wikipedia.org/wiki/Fil:Le_Mire_et_Oudry_-_La_Fontaine,_fable_%27La_mort_et_le_mourant%27_(illustration).jpg"
638,https://journals.plos.org/plosgenetics/article?id=10.1371/journal.pgen.1011462
639,https://da.m.wikipedia.org/w/index.php?title=Bruger:%E5%8C%97%E6%A5%B5%E4%BC%81%E9%B5%9D%E8%A7%80%E8%B3%9E%E5%9C%98&action=edit&redlink=1
640,https://da.m.wikipedia.org/wiki/Fil:Shaushka_Yazilikaya.jpg
641,https://commons.wikimedia.org/wiki/Commons:Deletion_requests/Files_in_Category:Musubi_no_Goshinzo
642,https://scholar.google.com/scholar?q=Characterization+and+prediction+of+protein+nucleolar+localization+sequences+Scott+2010
643,https://scholar.google.com/scholar?q=Coactivator+condensation+at+super-enhancers+links+phase+separation+and+gene+control+Sabari+2018
644,https://da.m.wikipedia.org/w/index.php?title=Bruger:Palnatoke/Autolister/Guder&action=edit&undoafter=11764954&undo=11766695
645,"https://scholar.google.com/scholar?as_vis=1&q=Coactivator+condensation+at+super-enhancers+links+phase+separation+and+gene+control+Sabari+2018&hl=en&oe=ASCII&as_sdt=0,44"
646,https://www.mediawiki.org/wiki/Special:MyLanguage/Help:Temporary_accounts
647,"https://scholar.google.com/scholar?q=related:WLy9EncS5pUJ:scholar.google.com/&scioq=Coactivator+condensation+at+super-enhancers+links+phase+separation+and+gene+control+Sabari+2018&hl=en&oe=ASCII&as_sdt=0,44&as_vis=1"
648,"https://scholar.google.com/scholar?cluster=11375801488954138033&hl=en&oe=ASCII&as_sdt=0,44&as_vis=1&scioq=Coactivator+condensation+at+super-enhancers+links+phase+separation+and+gene+control+Sabari+2018"
649,"https://scholar.google.com/scholar?as_sdt=0,44&hl=en&oe=ASCII&as_vis=1&cluster=11375801488954138033"
650,https://scholar.google.com/scholar?scilib=1&hl=en&oe=ASCII
651,https://scholar.google.com/citations?user=a8j_gfQAAAAJ&hl=en&oe=ASCII&scioq=Coactivator+condensation+at+super-enhancers+links+phase+separation+and+gene+control+Sabari+2018&oi=sra
652,"https://da.m.wikipedia.org/w/index.php?title=Fil:Komi,_1907_-_Finnic_dress_-_Museum_of_Cultures_(Helsinki)_-_DSC04802.JPG&action=edit"
653,"https://scholar.google.com/scholar_settings?hl=en&oe=ASCII&as_sdt=0,44&as_vis=1&cluster=11375801488954138033"
654,https://zh.wikipedia.org/wiki/%E5%8D%81%E4%BA%8C%E5%A4%A9
655,https://scholar.google.com/citations?view_op=view_citation&hl=en&oe=ASCII&user=a8j_gfQAAAAJ&citation_for_view=a8j_gfQAAAAJ:IWHjjKOFINEC
656,https://da.m.wikipedia.org/w/index.php?title=Bruger:Baddu676&action=edit&redlink=1
657,"https://commons.wikimedia.org/wiki/File:Daksha_was_angry_with_Inter_galactic_traveller_Narada,_just_because_he_taught_good_things_to_his_sons._Narada_travels_o_different_galaxies_with_his_thought_power.jpg"
658,https://da.m.wikipedia.org/w/index.php?title=Fil:Kugu-Jumo_den_apshat_11.jpg&action=edit
659,https://da.m.wikipedia.org/w/index.php?title=Fil:Tsei-loam.jpg&action=edit
660,https://da.m.wikipedia.org/w/index.php?title=Bruger:Ing-mythology&action=edit&redlink=1
661,https://www.wikidata.org/wiki/Special:CentralAuth?target=Ing-mythology
662,https://da.m.wikipedia.org/wiki/Bruger:Yufereff
663,"https://da.m.wikipedia.org/w/index.php?title=Fil:Le_Mire_et_Oudry_-_La_Fontaine,_fable_%27La_mort_et_le_mourant%27_(illustration).jpg&action=edit"
664,https://m.wikidata.org/w/index.php?title=Special:CentralAuth&target=Ing-mythology
665,https://commons.wikimedia.org/wiki/File:NIN-beltu_Cuneiform.svg
666,https://ar.wikipedia.org/wiki/%D8%A8%D9%88%D8%A7%D8%A8%D8%A9:%D9%85%D9%88%D8%AA/%D8%B5%D9%88%D8%B1%D8%A9_%D9%85%D8%AE%D8%AA%D8%A7%D8%B1%D8%A9
667,https://www.wikidata.org/wiki/Special:NewItem?site=commonswiki&page=Commons%3ADeletion+requests%2FFiles+in+Category%3AMusubi+no+Goshinzo
668,https://zh.wikipedia.org/zh-hans/%E5%8D%81%E4%BA%8C%E5%A4%A9
669,https://zh.wikipedia.org/wiki/%E4%BB%81%E6%B3%A2%E5%88%87
670,https://www.wikidata.org/wiki/Q19068220
671,https://www.mediawiki.org/wiki/Download
672,https://creativecommons.org/2020/03/18/the-unicode-standard-now-includes-cc-license-symbols/
673,https://zh.wikipedia.org/wiki/%E5%8B%9D%E6%A8%82%E9%87%91%E5%89%9B
674,"https://commons.wikimedia.org/w/index.php?title=File:Daksha_was_angry_with_Inter_galactic_traveller_Narada,_just_because_he_taught_good_things_to_his_sons._Narada_travels_o_different_galaxies_with_his_thought_power.jpg&action=edit&section=1"
675,https://bpy.wikipedia.org/wiki/%E0%A6%95%E0%A6%B2%E0%A6%BF
676,https://da.m.wikipedia.org/w/index.php?title=Bruger:Palnatoke/Autolister/Guder&diff=12008947&oldid=11766695
677,https://zh.wikipedia.org/wiki/%E7%93%A6%E7%88%BE%E9%82%A3
678,https://zh.wikipedia.org/wiki/%E8%AD%B7%E6%91%A9
679,https://zh.wikipedia.org/wiki/Category:%E8%87%AA2019%E5%B9%B412%E6%9C%88%E5%B8%A6%E6%9C%89%E5%A4%B1%E6%95%88%E9%93%BE%E6%8E%A5%E7%9A%84%E6%9D%A1%E7%9B%AE
680,https://da.wikipedia.org/wiki/Julianske_kalender
681,https://zh.wikipedia.org/wiki/%E6%97%B6%E6%AF%8D
682,https://da.m.wikipedia.org/w/index.php?title=Bruger:Palnatoke/Autolister/Guder&diff=prev&oldid=11766695
683,https://bh.wikipedia.org/wiki/%E0%A4%A6%E0%A4%BE%E0%A4%A8
684,https://zh.wikipedia.org/wiki/%E4%BD%88%E6%96%BD
685,https://www.mediawiki.org/wiki/Special:MyLanguage/Extension:CentralAuth
686,https://m.wikidata.org/wiki/Special:MyLanguage/Wikidata:Data_access
687,https://www.wikidata.org/wiki/Q9503981
688,https://zh.wikipedia.org/zh-sg/%E8%AD%B7%E6%91%A9
689,https://www.mediawiki.org/wiki/Download/ro
690,https://zh.wikipedia.org/zh-hant/%E5%8B%9D%E6%A8%82%E9%87%91%E5%89%9B
691,https://zh.wikipedia.org/zh-tw/%E5%8B%9D%E6%A8%82%E9%87%91%E5%89%9B
692,https://da.m.wikipedia.org/w/index.php?title=Bruger:Palnatoke/Autolister/Guder&oldid=11766695
693,https://da.wikipedia.org/w/index.php?title=Fil:Kugu-Jumo_den_apshat_11.jpg&action=edit
694,https://zh.m.wikipedia.org/wiki/%E5%8D%81%E4%BA%8C%E5%A4%A9
695,https://ar.wikipedia.org/wiki/%D8%AA%D8%B5%D9%86%D9%8A%D9%81:%D8%B5%D9%8A%D8%A7%D9%86%D8%A9_%D8%A7%D9%84%D8%A7%D8%B3%D8%AA%D8%B4%D9%87%D8%A7%D8%AF:_%D8%A7%D8%B3%D8%AA%D8%B4%D9%87%D8%A7%D8%AF%D8%A7%D8%AA_%D8%A8%D9%85%D8%B3%D8%A7%D8%B1%D8%A7%D8%AA_%D8%BA%D9%8A%D8%B1_%D9%85%D8%A4%D8%B1%D8%B4%D9%81%D8%A9
696,https://da.wikipedia.org/w/index.php?title=Fil:Tsei-loam.jpg&action=edit
697,https://da.wikipedia.org/w/index.php?title=Bruger:Ing-mythology&action=edit&redlink=1
698,"https://da.wikipedia.org/w/index.php?title=Fil:Le_Mire_et_Oudry_-_La_Fontaine,_fable_%27La_mort_et_le_mourant%27_(illustration).jpg&action=edit"
699,https://www.mediawiki.org/wiki/Category:ContentSecurityPolicyDefaultSource_extensions
700,https://www.mediawiki.org/wiki/Category:AutopromoteCondition_extensions
701,https://www.mediawiki.org/wiki/Category:AuthPreserveQueryParams_extensions
702,https://m.wikidata.org/wiki/Special:MyLanguage/Wikidata:For_developers
703,https://auth.wikimedia.org/wikidatawiki/wiki/Special:CreateAccount?useformat=desktop&usesul3=1&returnto=Main_Page&centralauthLoginToken=94f2acda978c5fb407143e81c1a4cee7
704,https://www.wikidata.org/wiki/Q66613679
705,https://commons.m.wikimedia.org/wiki/File:NIN-beltu_Cuneiform.svg
706,https://auth.wikimedia.org/dawiki/wiki/Speciel:Opret_konto?useformat=desktop&usesul3=1&returnto=Main_Page&centralauthLoginToken=f09e4df12ada43903d4fdd87d52db6ac
707,https://ar.m.wikipedia.org/wiki/%D8%A8%D9%88%D8%A7%D8%A8%D8%A9:%D9%85%D9%88%D8%AA/%D8%B5%D9%88%D8%B1%D8%A9_%D9%85%D8%AE%D8%AA%D8%A7%D8%B1%D8%A9
708,https://mk.wikipedia.org/wiki/%D0%9A%D0%B0%D0%BB%D0%B8
709,https://m.wikidata.org/w/index.php?title=Special:NewItem&page=Commons%3ADeletion+requests%2FFiles+in+Category%3AMusubi+no+Goshinzo&site=commonswiki
710,https://zh.m.wikipedia.org/zh-hans/%E5%8D%81%E4%BA%8C%E5%A4%A9
711,https://da.m.wikipedia.org/wiki/Fil:Stele_Ra-Horakhty_Louvre_E5789.jpg
712,https://bh.wikipedia.org/wiki/%E0%A4%95%E0%A4%B2%E0%A5%8B%E0%A4%B2
713,https://zh.m.wikipedia.org/wiki/%E6%9D%B1%E5%8D%97
714,https://ar.wikipedia.org/wiki/%D8%AE%D8%A7%D8%B5:%D9%85%D8%A7%D8%B0%D8%A7_%D9%8A%D8%B5%D9%84_%D9%87%D9%86%D8%A7/%D8%AA%D8%B5%D9%86%D9%8A%D9%81:%D8%B5%D9%8A%D8%A7%D9%86%D8%A9_%D8%A7%D9%84%D8%A7%D8%B3%D8%AA%D8%B4%D9%87%D8%A7%D8%AF:_%D8%A7%D8%B3%D8%AA%D8%B4%D9%87%D8%A7%D8%AF%D8%A7%D8%AA_%D8%A8%D9%85%D8%B3%D8%A7%D8%B1%D8%A7%D8%AA_%D8%BA%D9%8A%D8%B1_%D9%85%D8%A4%D8%B1%D8%B4%D9%81%D8%A9
715,https://www.mediawiki.org/wiki/Category:BeforePageDisplay_extensions
716,https://zh.wikipedia.org/wiki/%E4%BF%AE%E8%A1%8C%E6%96%B9%E4%BE%BF%E7%A6%AA%E7%B6%93
717,https://zh.m.wikipedia.org/wiki/%E9%98%BF%E8%80%86%E5%B0%BC
718,https://ar.wikipedia.org/wiki/6_%D8%B3%D9%86%D9%88%D8%A7%D8%AA
719,https://mk.wikipedia.org/wiki/%D0%9C%D0%B0%D1%98%D0%B0_(%D1%84%D0%B8%D0%BB%D0%BE%D0%B7%D0%BE%D1%84%D0%B8%D1%98%D0%B0)
720,https://en.wikipedia.org/wiki/Varna_(Hinduism)
721,https://zh.wikipedia.org/w/index.php?title=%E5%BA%A6%E6%AF%8D%E4%BA%8C%E5%8D%81%E4%B8%80%E7%A6%AE%E8%AE%9A&action=edit&redlink=1
722,https://ar.wikipedia.org/wiki/559
723,https://zh.wikipedia.org/w/index.php?title=%E6%8F%90%E8%AC%82%E6%B3%A2%E5%88%A9%E7%B6%93&action=edit&redlink=1
724,https://da.wikipedia.org/wiki/Hj%C3%A6lp:Sandkassen
725,https://en.wikipedia.org/wiki/Kapalika
726,https://zh.wikipedia.org/w/index.php?title=%E5%A4%A9%E5%9C%B0%E5%85%AB%E9%99%BD%E7%A5%9E%E5%92%92%E7%B6%93&action=edit&redlink=1
727,https://en.wikipedia.org/wiki/Pancharatra
728,https://mk.wikipedia.org/wiki/%D0%A5%D0%B8%D0%BD%D0%B4%D1%83
729,https://web.archive.org/web/20191216112731/https://www.jstor.org/stable/20111096
730,https://en.wikipedia.org/wiki/Angiras
731,https://zh.wikipedia.org/wiki/%E5%A4%A7%E5%93%81%E8%88%AC%E8%8B%A5%E7%BB%8F
732,https://books.google.com/books?id=IMCxbOezDi4C&q=Bharata&source=gbs_word_cloud_r&cad=4
733,https://books.google.com/books?id=IMCxbOezDi4C&q=devas&source=gbs_word_cloud_r&cad=4
734,https://books.google.com/books?id=h7WSAgAAQBAJ
735,https://books.google.com/books?id=IMCxbOezDi4C&q=depicted&source=gbs_word_cloud_r&cad=4
736,https://books.google.com/books?id=h7WSAgAAQBAJ&q=R.+A.+Nicholson&source=gbs_word_cloud_r&cad=3
737,https://fa.wikipedia.org/wiki/%D8%A2%DA%AF%D9%85%D9%87_(%D8%A8%D9%88%D8%AF%DB%8C%D8%B3%D9%85)
738,https://books.google.com/books?id=R9FgCgAAQBAJ
739,https://books.google.com/books?id=h7WSAgAAQBAJ&q=religious+traditions&source=gbs_word_cloud_r&cad=3
740,https://books.google.com/books?id=h7WSAgAAQBAJ&q=Qur%27an&source=gbs_word_cloud_r&cad=3
741,https://en.wikipedia.org/wiki/J%C4%81ti
742,https://zh.wikipedia.org/wiki/%E5%8D%81%E4%BA%8C%E5%A4%84
743,https://en.wikipedia.org/w/index.php?title=Varna_(Hinduism)&action=edit&section=8
744,https://books.google.com/books?id=IMCxbOezDi4C
745,https://books.google.com/books?id=h7WSAgAAQBAJ&q=Shankara&source=gbs_word_cloud_r&cad=3
746,https://zh.wikipedia.org/wiki/%E7%AA%BA%E5%9F%BA
747,https://books.google.com/books?id=h7WSAgAAQBAJ&q=South+Asia&source=gbs_word_cloud_r&cad=3
748,https://books.google.com/books?id=h7WSAgAAQBAJ&q=Society&source=gbs_word_cloud_r&cad=3
749,https://en.wikipedia.org/wiki/Achintya_Bheda_Abheda
750,https://en.wikipedia.org/wiki/Athichudi
751,https://books.google.com/books?id=h7WSAgAAQBAJ&q=theological&source=gbs_word_cloud_r&cad=3
752,https://zh.wikipedia.org/w/index.php?title=%E4%BD%9B%E7%BB%8F&action=edit&section=11
753,https://books.google.com/books?id=h7WSAgAAQBAJ&q=Yoredei&source=gbs_word_cloud_r&cad=3
754,https://ar.wikipedia.org/w/index.php?title=6_%D8%B3%D9%86%D9%88%D8%A7%D8%AA&action=edit
755,https://en.wikipedia.org/wiki/Purusha_Sukta
756,https://en.wikipedia.org/wiki/Tiruppukal
757,https://zh.wikipedia.org/wiki/%E9%98%BF%E6%AF%98%E9%81%94%E6%91%A9
758,https://zh.wikipedia.org/wiki/%E4%BD%9B%E7%BB%8F
759,https://ar.wikipedia.org/w/index.php?title=%D8%A8%D9%8A%D9%86_%D8%B1%D9%88%D8%B2%D9%86%D9%81%D9%8A%D9%84%D8%AF&action=edit&redlink=1
760,https://en.wikipedia.org/wiki/Caribbean_Shaktism
761,https://www.aisixiang.com
762,https://www.aisixiang.com/zhuanti/753.html
763,https://mk.wikipedia.org/w/index.php?title=%D0%98%D1%81%D1%82%D0%BE%D1%80%D0%B8%D1%98%D0%B0_%D0%BD%D0%B0_%D1%85%D0%B8%D0%BD%D0%B4%D1%83%D0%B8%D0%B7%D0%BC%D0%BE%D1%82&action=edit&redlink=1
764,https://en.wikipedia.org/w/index.php?title=Pancharatra&action=edit&section=8
765,https://ar.wikipedia.org/wiki/%D8%AC%D9%88%D8%B4%D9%88%D8%A7_%D9%84%D9%8A%D9%88%D9%86%D8%A7%D8%B1%D8%AF
766,https://zh.wikipedia.org/wiki/Special:%E9%93%BE%E5%85%A5%E9%A1%B5%E9%9D%A2/%E5%AF%86%E5%AE%97
767,https://ar.wikipedia.org/wiki/%D8%AA%D8%A7%D9%8A%D8%B3%D8%A7_%D9%81%D8%A7%D8%B1%D9%85%D9%8A%D8%AC%D8%A7
768,https://zh.wikipedia.org/wiki/%E5%9B%9B%E9%98%BF%E5%90%AB
769,https://www.wikidata.org/wiki/Q18703052?uselang=ar
770,https://zh.wikipedia.org/wiki/%E5%A4%A7%E5%A8%81%E5%BE%B7%E9%87%91%E5%89%9B
771,https://zh.wikipedia.org/wiki/%E5%BE%B7%E5%B7%9D%E5%AE%B6%E5%85%89
772,https://id.loc.gov/authorities/names/no2012135172.html
773,https://zh.wikipedia.org/wiki/%E7%A7%98%E5%AF%86%E4%B9%98
774,https://www2.hf.uio.no/polyglotta/index.php?page=library&bid=2
775,https://kns.cnki.net/kcms/detail/detail.aspx?dbcode=CJFD&filename=DZDZ902.001
776,https://web.archive.org/web/20220901040358/https://www.dzdz.ac.cn/CN/Y1999/V21/I2/105
777,https://hkcan.julac.org/authorities/names/9811112971803406
778,https://en.wikipedia.org/wiki/Category:Vajrayana
779,https://en.wikipedia.org/wiki/Svecchamrityu_(Iccha-mrityu)
780,https://en.wikipedia.org/wiki/Tajjalan
781,https://entities.oclc.org/worldcat/entity/E39PBJpjfHmQXydJQWPFKCKWXd.html
782,https://zh.wikipedia.org/w/index.php?title=Agga_Maha_Pandita&action=edit&redlink=1
783,https://en.wikipedia.org/wiki/Template_talk:Vaishnava_Sampradayas
784,https://en.wikipedia.org/wiki/Spho%E1%B9%ADa
785,https://zh.wikipedia.org/w/index.php?title=%E6%98%8E%E6%98%86%E8%A5%BF%E4%BA%9E%E5%A4%9A&action=edit&redlink=1
786,https://zh.wikipedia.org/wiki/%E9%9B%9C%E8%97%8F
787,https://en.wikipedia.org/wiki/Category:Hinduism_in_the_Caribbean
788,https://en.wikipedia.org/wiki/Category:Hindu_philosophical_concepts
789,https://zh.wikipedia.org/w/index.php?title=%E4%BD%9B%E8%AF%B4%E5%92%B8%E6%B0%B4%E5%96%BB%E7%BB%8F&action=edit&redlink=1
790,https://en.wikipedia.org/wiki/Treta_Yuga
791,https://zh.wikipedia.org/wiki/%E5%B9%BF%E6%95%99%E5%AF%BA
792,https://en.wikipedia.org/wiki/Vyasatirtha
793,https://zh.wikipedia.org/w/index.php?title=%E7%A3%A7%E7%A0%82%E8%97%8F&action=edit&redlink=1
794,https://en.wikipedia.org/wiki/Kumara_Sampradaya
795,https://en.wikipedia.org/wiki/%E1%B9%9Ata
796,https://en.wikipedia.org/wiki/Taratarini_Temple
797,https://ar.m.wikipedia.org/wiki/6_%D8%B3%D9%86%D9%88%D8%A7%D8%AA
798,https://zh.wikipedia.org/wiki/%E5%AD%9D%E7%B6%93
799,https://en.wikipedia.org/wiki/Agga_Maha_Pandita
800,https://en.wikipedia.org/wiki/Kali_Yuga
801,https://en.wikipedia.org/wiki/Category:EngvarB_from_July_2015
802,https://www.google.com/search?&as_eq=wikipedia&q=%22%E4%B8%AD%E5%9B%BD%E7%9F%A5%E8%AF%86%E5%9F%BA%E7%A1%80%E8%AE%BE%E6%96%BD%E5%B7%A5%E7%A8%8B%22
803,https://en.wikipedia.org/wiki/Tulja_Bhavani_Temple
804,https://zh.wikipedia.org/wiki/%E6%B3%95%E7%9B%B8%E5%94%AF%E8%AD%98%E5%AE%97
805,https://zh.wikipedia.org/wiki/%E6%89%AC%E5%B7%9E%E5%A4%A7%E6%98%8E%E5%AF%BA
806,https://zh.wikipedia.org/wiki/%E7%B4%AB%E9%87%91%E5%BA%B5%E7%BD%97%E6%B1%89%E5%A1%91%E5%83%8F
807,https://en.wikipedia.org/w/index.php?title=Template%3AVaishnava_Sampradayas&action=edit
808,https://zh.wikipedia.org/wiki/%E4%B8%AD%E5%9B%BD%E7%9F%A5%E8%AF%86%E5%9F%BA%E7%A1%80%E8%AE%BE%E6%96%BD%E5%B7%A5%E7%A8%8B
809,https://ar.wikipedia.org/wiki/%D9%85%D9%84%D9%81:Theatre_Masks_SVG.svg
810,https://en.wikipedia.org/wiki/Kalighat_Kali_Temple
811,https://ar.wikipedia.org/wiki/%D8%AA%D8%B5%D9%86%D9%8A%D9%81:%D9%85%D9%85%D8%AB%D9%84%D9%88_%D8%A3%D9%81%D9%84%D8%A7%D9%85_%D8%A3%D9%85%D8%B1%D9%8A%D9%83%D9%8A%D9%88%D9%86
812,https://zh.wikipedia.org/wiki/%E5%85%A8%E6%99%8B%E4%BC%9A%E9%A6%86
813,https://www.wikidata.org/wiki/Q314481
814,https://zh.wikipedia.org/w/index.php?title=%E4%B8%81%E5%8D%A1%E7%A5%9E%E8%AF%9D&action=edit&redlink=1
815,https://zh.wikipedia.org/zh-hk/%E9%9B%9C%E8%97%8F
816,https://zh.wikipedia.org/wiki/%E4%BB%B0%E5%85%89
817,https://en.wikipedia.org/wiki/Iccha-shakti
818,https://en.wikipedia.org/wiki/Dvaitadvaita_Vedanta
819,https://zh.wikipedia.org/w/index.php?title=%E7%B5%B1%E4%B8%80%E6%95%99&action=edit
820,https://zh.wikipedia.org/wiki/%E8%89%BA%E5%9C%83
821,https://en.wikipedia.org/wiki/Category:Wikipedia_articles_needing_factual_verification_from_March_2025
822,https://zh.wikipedia.org/w/index.php?title=%E5%9C%A3%E8%81%8C%E6%8E%88%E4%BB%BB&action=edit&redlink=1
823,https://www.wikidata.org/wiki/Q1368044
824,https://zh.wikipedia.org/wiki/%E5%8D%97%E5%82%B3%E4%BD%9B%E6%95%99
825,https://en.wikipedia.org/wiki/Anka_year
826,https://en.wikipedia.org/wiki/Regnal_year
827,https://zh.wikipedia.org/w/index.php?title=%E5%AE%97%E6%95%99%E4%B8%8E%E7%A5%9E%E8%AF%9D&action=edit&redlink=1
828,https://zh.wikipedia.org/wiki/%E6%A5%8A%E4%BB%81%E5%B1%B1
829,https://en.wikipedia.org/wiki/Yamantaka
830,https://en.wikipedia.org/wiki/Diet_in_Hinduism
831,https://ar.wikipedia.org/wiki/%D8%AA%D8%B5%D9%86%D9%8A%D9%81:%D9%85%D9%85%D8%AB%D9%84%D9%88_%D8%A3%D9%81%D9%84%D8%A7%D9%85_%D8%A5%D8%A8%D8%A7%D8%AD%D9%8A%D8%A9_%D8%A3%D9%85%D8%B1%D9%8A%D9%83%D9%8A%D9%88%D9%86
832,https://en.wikipedia.org/wiki/Saint_Lucian_cuisine
833,https://en.wikipedia.org/wiki/Northern_Irish_cuisine
834,https://zh.wikipedia.org/wiki/%E9%9D%9E%E6%9C%89%E7%A5%9E%E8%AE%BA
835,https://en.wikipedia.org/wiki/Rwandan_cuisine
836,https://en.wikipedia.org/wiki/Salvadoran_cuisine
837,https://en.wikipedia.org/wiki/Ossetian_cuisine
838,https://www.wikidata.org/wiki/Property:P1830
839,https://zh.wikipedia.org/wiki/%E6%B3%A2%E8%BE%BE%E9%80%9A%E9%95%87%E5%8C%BA
840,https://zh.wikipedia.org/wiki/%E6%B3%B0%E5%B1%B1
841,https://en.wikipedia.org/wiki/Leap_year
842,https://ar.wikipedia.org/wiki/%D8%A3%D8%AF%D9%8A_%D8%B4%D8%A7%D9%86%D9%83%D8%A7%D8%B1
843,https://ar.wikipedia.org/wiki/%D8%AA%D9%88%D9%85%D8%A7%D8%B3_%D8%A3%D9%86%D8%AF%D9%8A%D8%B1%D8%B3
844,https://zh.wikipedia.org/wiki/Module:Check_for_unknown_parameters
845,https://en.wikipedia.org/wiki/Category:Wikipedia_articles_needing_factual_verification_from_November_2024
846,https://en.wikipedia.org/wiki/Four_Noble_Truths
847,https://en.wikipedia.org/wiki/Hong_Kong_cuisine
848,https://en.wikipedia.org/wiki/Maitr%C4%AB
849,https://zh.wikipedia.org/wiki/%E6%89%AC%E5%B7%9E%E6%95%99%E6%A1%88
850,https://en.wikipedia.org/wiki/East_Bengal_Ground
851,https://archive.org/details/approachestoausc0000rube/page/70/mode/2up
852,https://en.wikipedia.org/wiki/Cuisine_of_S%C3%A3o_Tom%C3%A9_and_Pr%C3%ADncipe
853,https://en.wikipedia.org/wiki/Cantonese_cuisine
854,https://classiques.uqam.ca/classiques/fourier_charles/nouveau_monde_amoureux/nouveau_monde_amoureux.html
855,https://zh.wikipedia.org/wiki/%E6%AE%8B%E7%B2%92%E5%9B%AD
856,https://en.wikipedia.org/wiki/Religion_(virtue)
857,https://en.wikipedia.org/wiki/Punctuality
858,https://en.wikipedia.org/wiki/ClubONE_Riviera
859,https://en.wikipedia.org/wiki/Fried_noodles
860,https://zh.wikipedia.org/w/index.php?title=%E6%9D%B1%E6%9E%97%E5%88%97%E5%82%B3&action=edit&redlink=1
861,https://en.wikipedia.org/wiki/The_Conquest_of_Bread
862,https://en.wikipedia.org/wiki/Australia_Dairy_Company
863,https://en.wikipedia.org/wiki/Akan_mythology
864,https://en.wikipedia.org/wiki/List_of_noodles
865,https://zh.wikipedia.org/w/index.php?title=%E4%B8%AD%E5%B7%9E%E4%BA%BA%E7%89%A9%E8%80%83&action=edit&redlink=1
866,https://en.wikipedia.org/wiki/List_of_ramen_dishes
867,https://en.wikipedia.org/wiki/Category:Guangxi
868,https://en.wikipedia.org/wiki/Category:Buddhist_philosophical_concepts
869,https://en.wikipedia.org/wiki/Category:Cultural_lists
870,https://en.wikipedia.org/w/index.php?title=Charles_Fourier&action=edit&section=13
871,https://en.wikipedia.org/wiki/Charles_Fourier
872,https://en.wikipedia.org/wiki/Odinani
873,https://en.wikipedia.org/wiki/Radha_Soami
874,https://en.wikipedia.org/wiki/Template_talk:Hong_Kong_restaurants
875,https://en.wikipedia.org/wiki/Call_to_prayer
876,https://zh.wikipedia.org/wiki/%E9%87%91%E5%8F%B2
877,https://en.wikipedia.org/wiki/Prudence
878,https://en.wikipedia.org/wiki/Ainu_language
879,https://en.wikipedia.org/wiki/Religion_and_mythology
880,https://en.wikipedia.org/wiki/List_of_current_and_former_capitals_of_subdivisions_of_China
881,https://en.wikipedia.org/wiki/Category:Wikipedia_articles_needing_page_number_citations_from_November_2020
882,https://zh.wikipedia.org/wiki/%E5%AE%97%E6%95%99%E8%BF%AB%E5%AE%B3
883,https://en.wikipedia.org/wiki/Category:Wikipedia_articles_needing_page_number_citations_from_October_2020
884,https://en.wikipedia.org/wiki/List_of_noodle_dishes
885,https://web.archive.org/web/20110707112519/http://shc2000.sjtu.edu.cn/0512/bulunuo.htm
886,https://web.archive.org/web/20120713221505/http://www.opendoors-de.org/downloads/wvi/weltverfolgungsindex2012.pdf
887,https://en.wikipedia.org/wiki/List_of_restaurants_in_Hong_Kong
888,https://en.wikipedia.org/w/index.php?title=Template%3AHong_Kong_restaurants&action=edit
889,https://pubmed.ncbi.nlm.nih.gov/15466285/
890,https://makanmana.net/2020/09/30/wajib-singgah-5-mie-rebus-enak-di-kota-medan/
891,https://en.wikipedia.org/wiki/Contemporary_Sant_Mat_movements
892,https://en.wikipedia.org/w/index.php?title=Goddess&action=edit&section=7
893,https://en.wikipedia.org/wiki/Kamakura_period
894,https://en.wikipedia.org/wiki/Yayoi_period
895,https://en.wikipedia.org/wiki/Mikawa_dialect
896,https://en.wikipedia.org/wiki/Nagaoka_dialect
897,https://en.wikipedia.org/wiki/Nagoya_dialect
898,https://en.wikipedia.org/wiki/Mino_dialect
899,https://en.wikipedia.org/wiki/J%C5%8Dmon_people
900,https://en.wikipedia.org/wiki/Rajneesh_movement
901,https://www.jstage.jst.go.jp/article/jafst/12/1/12_1_83/_article
902,https://en.wikipedia.org/wiki/Literary_language
903,https://www.harianhaluan.com/news/pr-107642742/resep-mie-tahu-kuliner-tradisional-asal-bukittinggi-yang-cocok-dinikmati-bareng-keluarga
904,https://en.wikipedia.org/wiki/New_Thought
905,https://en.wikipedia.org/wiki/Japanese_language
906,https://en.wikipedia.org/wiki/List_of_Michelin-starred_restaurants_in_Latvia
907,https://en.wikipedia.org/wiki/List_of_Michelin-starred_restaurants_in_Lithuania
908,https://www.yfull.com/mtree/
909,https://en.wikipedia.org/wiki/Chikuzen_dialect
910,https://en.wikipedia.org/wiki/Category:Noodle_dishes
911,https://commons.wikimedia.org/wiki/Category:Noodle_dishes_of_Korea
912,https://en.wikipedia.org/w/index.php?title=Mikawa_dialect&action=edit
913,https://en.wikipedia.org/wiki/Northern_Ryukyuan_languages
914,https://en.wikipedia.org/wiki/Talk:Mikawa_dialect
915,https://commons.wikimedia.org/wiki/Category:Noodle_dishes_of_Indonesia
916,https://en.wikipedia.org/wiki/Waka_(poetry)
917,"https://en.wikipedia.org/wiki/Hakata-ku,_Fukuoka"
918,https://en.wikipedia.org/wiki/Late_Old_Japanese
919,https://en.wikipedia.org/wiki/List_of_Michelin-starred_restaurants_in_Las_Vegas
920,https://en.wikipedia.org/wiki/Goddess
921,https://en.wikipedia.org/wiki/List_of_Michelin-starred_restaurants_in_Los_Angeles_and_Southern_California
922,https://en.wikipedia.org/wiki/Spiritualism_(movement)
923,https://commons.wikimedia.org/wiki/Category:Noodle_dishes_of_China
924,https://en.wikipedia.org/wiki/Historical_capitals_of_China
925,https://en.wikipedia.org/wiki/Hibiscus_rosa-sinensis
926,https://en.wikipedia.org/wiki/Hachij%C5%8D_grammar
927,https://www.bookfinder.com/isbn/9780520281189/
928,https://en.wikipedia.org/wiki/French_Communist_Party
929,http://www.shopwiki.com/q/9780520281189
930,https://www.wikidata.org/wiki/Q11356214
931,https://en.wikipedia.org/wiki/Typhoon
932,https://books.google.com/books?id=khR0apPid8gC&pg=PA394
933,https://www.abebooks.com/servlet/SearchEntry?sts=t&isbn=9780520281189
934,https://www.st-andrews.ac.uk/library/
935,https://search.worldcat.org/title/51004996
936,https://publikationen.badw.de/en/rla/index
937,https://en.wikipedia.org/wiki/Special:BookSources/978-0520281189
938,https://search.worldcat.org/title/39455874
939,https://en.wikipedia.org/wiki/Nanning
940,https://en.wikipedia.org/wiki/Neosocialism
941,https://id.ndl.go.jp/auth/ndlna/00643972
942,https://en.wikipedia.org/wiki/Otomi_grammar
943,https://en.wikipedia.org/wiki/Souls_of_Pe_and_Nekhen
944,https://el.wikipedia.org/wiki/%CE%95%CE%B9%CE%B4%CE%B9%CE%BA%CF%8C:%CE%A0%CE%B7%CE%B3%CE%AD%CF%82%CE%92%CE%B9%CE%B2%CE%BB%CE%AF%CF%89%CE%BD/9780520281189
945,https://en.wikipedia.org/wiki/Navajo_grammar
946,https://uk.wikipedia.org/wiki/%D0%A1%D0%BF%D0%B5%D1%86%D1%96%D0%B0%D0%BB%D1%8C%D0%BD%D0%B0:%D0%94%D0%B6%D0%B5%D1%80%D0%B5%D0%BB%D0%B0_%D0%BA%D0%BD%D0%B8%D0%B3/9780520281189
947,https://en.wikipedia.org/wiki/Gene_pool
948,https://en.wikipedia.org/wiki/Anat
949,https://en.wikipedia.org/wiki/Sopdu
950,https://shs.hal.science/halshs-02992246
951,https://en.wikipedia.org/wiki/Possibilism_(politics)
952,https://en.wikipedia.org/wiki/Kona_storm
953,https://en.wikipedia.org/w/index.php?title=Anat&action=edit&section=24
954,https://en.wikipedia.org/w/index.php?title=Anat&action=edit&section=25
955,https://en.wikipedia.org/wiki/File:Prunus_dulcis_-_K%C3%B6hler%E2%80%93s_Medizinal-Pflanzen-250.jpg
956,https://en.wikipedia.org/w/index.php?title=Anat&action=edit&section=26
957,https://en.wikipedia.org/wiki/Zhenjiang_District
958,https://en.wikipedia.org/wiki/Nanxiong
959,https://en.wikipedia.org/wiki/Miskito_grammar
960,https://en.wikipedia.org/wiki/Mesohigh
961,https://en.wikipedia.org/wiki/Aaron%27s_rod
962,https://en.wikipedia.org/wiki/Sopdet
963,https://en.wikipedia.org/wiki/Levi
964,https://en.wikipedia.org/wiki/Australian_east_coast_low
965,https://en.wikipedia.org/wiki/Inuit_grammar
966,https://en.wikipedia.org/wiki/Introgression
967,https://en.wikipedia.org/wiki/Bei_River
968,https://en.wikipedia.org/wiki/Almond_tree
969,https://en.wikipedia.org/wiki/Australian_region_tropical_cyclone
970,https://en.wikipedia.org/wiki/Astarte
971,https://en.wikipedia.org/wiki/Samson
972,https://en.wikipedia.org/wiki/Book_of_Numbers
973,https://en.wikipedia.org/wiki/Fitness_(biology)
974,https://en.wikipedia.org/wiki/Book_of_Judges
975,https://en.wikipedia.org/wiki/Genomes
976,https://en.wikipedia.org/wiki/Special:BookSources/978-1-4426-5705-2
977,https://en.wikipedia.org/wiki/Special:BookSources/978-90-04-29394-6
978,https://en.wikipedia.org/wiki/Cherokee_language
979,https://en.wikipedia.org/wiki/Biodiversity
980,https://en.wikipedia.org/wiki/Zionist_Movement
